id,ifi_id,account_holder_id,type,value,status,created_at,modified_at,verified,created_by,updated_by,_load_ts_ms,attributes,cdc_source_ts_ms,cdc_op
07c39c02-e63c-4ec8-a636-6f11404181d5,140793,b62a095e-8544-438d-94bf-bffb64fd5fdc,pan,R13Y69912N,ENABLED,2023-01-17 11:56:05.858000,2023-01-17 11:56:05.858000,True,35hWwq0EJyHpQpR8A50C-g==@authProfile.rbl-admin.in/23,35hWwq0EJyHpQpR8A50C-g==@authProfile.rbl-admin.in/23,1681504627000,,,
280607b4-5c46-4845-a556-57fec7bc4abf,140793,33aaf81a-a85a-4594-8c80-63b0b04336c0,ITIN,123456524,ENABLED,2023-01-20 10:52:29.024000,2023-01-20 10:52:29.024000,True,NJan4QllZNtRiTouj93bSw==@authProfile.rbl-admin.in/523,NJan4QllZNtRiTouj93bSw==@authProfile.rbl-admin.in/523,1681504627000,,,
0e5896a1-9337-48d9-ba92-be5b567754cc,140793,33aaf81a-a85a-4594-8c80-63b0b04336c0,e,Daisy.Strosin37@gmail.com,ENABLED,2023-01-20 10:52:29.024000,2023-01-20 10:52:29.024000,True,NJan4QllZNtRiTouj93bSw==@authProfile.rbl-admin.in/523,NJan4QllZNtRiTouj93bSw==@authProfile.rbl-admin.in/523,1681504627000,,,
afa91e16-dc31-497c-81bd-efccc3a9d5c8,140793,fbd73196-2e72-411e-a24d-e8594309c885,p,+916116784310,ENABLED,2023-03-13 12:50:50.239000,2023-03-13 12:50:50.239000,True,09PPx5DQiu6B5IrcvGPJlA==@authProfile.0-admin.India/1,09PPx5DQiu6B5IrcvGPJlA==@authProfile.0-admin.India/1,1681504627000,,,
9078bac8-4365-4e40-996b-42075f6c7e93,140793,fbd73196-2e72-411e-a24d-e8594309c885,aadhaar,345357000535,ENABLED,2023-03-13 12:50:50.239000,2023-03-13 12:50:50.239000,True,09PPx5DQiu6B5IrcvGPJlA==@authProfile.0-admin.India/1,09PPx5DQiu6B5IrcvGPJlA==@authProfile.0-admin.India/1,1681504627000,,,
7a8909e0-8e1a-4d1a-bce6-5a81899ca62e,140793,bc6dc88c-1b5f-4b7e-a041-109aa34ff061,aadhaar,281349514961,ENABLED,2023-03-13 13:24:12.944000,2023-03-13 13:24:12.944000,True,09PPx5DQiu6B5IrcvGPJlA==@authProfile.0-admin.India/1,09PPx5DQiu6B5IrcvGPJlA==@authProfile.0-admin.India/1,1681504627000,,,
61340e09-a15f-4375-8cd0-f782a9ea139c,140793,2a720b44-4200-4adb-a552-70b7c01b617f,pan,FRSAE9408M,ENABLED,2023-03-13 13:24:13.245000,2023-03-13 13:24:13.245000,True,09PPx5DQiu6B5IrcvGPJlA==@authProfile.0-admin.India/1,09PPx5DQiu6B5IrcvGPJlA==@authProfile.0-admin.India/1,1681504627000,,,
9e9409c9-f664-4168-aa54-1a0d95d4835a,140793,2a720b44-4200-4adb-a552-70b7c01b617f,aadhaar,112756382955,ENABLED,2023-03-13 13:24:13.245000,2023-03-13 13:24:13.245000,True,09PPx5DQiu6B5IrcvGPJlA==@authProfile.0-admin.India/1,09PPx5DQiu6B5IrcvGPJlA==@authProfile.0-admin.India/1,1681504627000,,,
7dc34960-e0bb-406a-baab-ebe21c4d45fe,140793,bfab6879-45a8-4d30-ae53-12a9356e1a57,pan,KKJFN1970E,ENABLED,2023-03-13 13:24:13.563000,2023-03-13 13:24:13.563000,True,09PPx5DQiu6B5IrcvGPJlA==@authProfile.0-admin.India/1,09PPx5DQiu6B5IrcvGPJlA==@authProfile.0-admin.India/1,1681504627000,,,
34aa619d-24ba-4127-b5e9-4ecaac41b954,140793,bb98c9e6-d442-4b9b-bfaf-148605f3d679,p,+916159465161,ENABLED,2023-03-14 11:51:31.433000,2023-03-14 11:51:31.433000,True,09PPx5DQiu6B5IrcvGPJlA==@authProfile.0-admin.India/1,09PPx5DQiu6B5IrcvGPJlA==@authProfile.0-admin.India/1,1681504627000,,,
a2705e0c-e9ae-438d-8c13-cac8217530a4,140793,bb98c9e6-d442-4b9b-bfaf-148605f3d679,aadhaar,827697031000,ENABLED,2023-03-14 11:51:31.433000,2023-03-14 11:51:31.433000,True,09PPx5DQiu6B5IrcvGPJlA==@authProfile.0-admin.India/1,09PPx5DQiu6B5IrcvGPJlA==@authProfile.0-admin.India/1,1681504627000,,,
8cf108fd-64c4-4faa-83e3-1e9323e7c3b5,140793,c9b4a599-9d72-4fb7-aa52-dbbd636db1e3,p,+916132563397,ENABLED,2023-03-15 09:31:08.726000,2023-03-15 09:31:08.726000,True,09PPx5DQiu6B5IrcvGPJlA==@authProfile.0-admin.India/1,09PPx5DQiu6B5IrcvGPJlA==@authProfile.0-admin.India/1,1681504627000,,,
943e2b9f-7ecf-4be6-ba15-a446d8bcb0b5,140793,c9b4a599-9d72-4fb7-aa52-dbbd636db1e3,pan,EDLCN0547D,ENABLED,2023-03-15 09:31:08.726000,2023-03-15 09:31:08.726000,True,09PPx5DQiu6B5IrcvGPJlA==@authProfile.0-admin.India/1,09PPx5DQiu6B5IrcvGPJlA==@authProfile.0-admin.India/1,1681504627000,,,
60f94f32-87e0-42f8-8fc9-dd83000cfea9,140793,2ff3e88c-1ad5-4f86-b978-2f13a7ae929a,p,+916197321408,ENABLED,2023-03-21 10:09:59.567000,2023-03-21 10:09:59.567000,True,09PPx5DQiu6B5IrcvGPJlA==@authProfile.0-admin.India/1,09PPx5DQiu6B5IrcvGPJlA==@authProfile.0-admin.India/1,1681504627000,,,
a38c1d68-cbd5-4d1b-b47f-3e4fe5edd83c,140793,2ff3e88c-1ad5-4f86-b978-2f13a7ae929a,aadhaar,424557831392,ENABLED,2023-03-21 10:09:59.567000,2023-03-21 10:09:59.567000,True,09PPx5DQiu6B5IrcvGPJlA==@authProfile.0-admin.India/1,09PPx5DQiu6B5IrcvGPJlA==@authProfile.0-admin.India/1,1681504627000,,,
2105cf47-ddea-4698-a0d4-6d7ac3596b84,140793,8c53d5b5-5f44-41c0-99fc-469e52444996,e,COA__4035248022331589538__448942@gmail.com,ENABLED,2023-03-21 10:10:00.912000,2023-03-21 10:10:00.912000,True,09PPx5DQiu6B5IrcvGPJlA==@authProfile.0-admin.India/1,09PPx5DQiu6B5IrcvGPJlA==@authProfile.0-admin.India/1,1681504627000,,,
1e9e8432-c9f8-4580-bcd5-12d9c50a8815,140793,0d6497e4-12d9-4841-ad68-e28d95174153,aadhaar,Q39el31923E,ENABLED,2023-03-24 09:15:55.183000,2023-03-24 09:15:55.183000,True,35hWwq0EJyHpQpR8A50C-g==@authProfile.rbl-admin.in/23,35hWwq0EJyHpQpR8A50C-g==@authProfile.rbl-admin.in/23,1681504627000,,,
d44ba7d8-c4f8-425b-8dc6-ddc0d43a0d78,140793,5b990f0a-d973-4dd7-8805-6bd13547a8a8,aadhaar,145653656155,ENABLED,2023-04-10 05:16:38.538000,2023-04-10 05:16:38.538000,True,09PPx5DQiu6B5IrcvGPJlA==@authProfile.0-admin.India/1,09PPx5DQiu6B5IrcvGPJlA==@authProfile.0-admin.India/1,1687763157000,"""null""",1687354955137,
dbbda848-3fa9-4eb6-9f6a-00e2a23425d8,140793,b7a395d2-44e2-43c9-9da8-40c73c2542d1,p,+916105879079,ENABLED,2023-04-10 06:06:56.699000,2023-04-10 06:06:56.699000,True,09PPx5DQiu6B5IrcvGPJlA==@authProfile.0-admin.India/1,09PPx5DQiu6B5IrcvGPJlA==@authProfile.0-admin.India/1,1687763157000,"""null""",1687355605073,
219b9f62-94f8-4216-8cf9-4589996c764e,140793,b7a395d2-44e2-43c9-9da8-40c73c2542d1,aadhaar,178396585493,ENABLED,2023-04-10 06:06:56.699000,2023-04-10 06:06:56.699000,True,09PPx5DQiu6B5IrcvGPJlA==@authProfile.0-admin.India/1,09PPx5DQiu6B5IrcvGPJlA==@authProfile.0-admin.India/1,1687763157000,"""null""",1687340561731,
7a1161c9-5c53-4d52-af1e-3d1e69173656,140793,d50243a3-cfe9-4d61-a6c6-fdbccef71671,pan,WZJTF1792O,ENABLED,2023-04-10 06:07:23.639000,2023-04-10 06:07:23.639000,True,09PPx5DQiu6B5IrcvGPJlA==@authProfile.0-admin.India/1,09PPx5DQiu6B5IrcvGPJlA==@authProfile.0-admin.India/1,1687763157000,"""null""",1687347571890,
b644a9a0-af47-4a83-8006-d087f5b937ec,140793,5b990f0a-d973-4dd7-8805-6bd13547a8a8,pan,AHPTP6177P,ENABLED,2023-04-10 05:16:38.538000,2023-04-10 05:16:38.538000,True,09PPx5DQiu6B5IrcvGPJlA==@authProfile.0-admin.India/1,09PPx5DQiu6B5IrcvGPJlA==@authProfile.0-admin.India/1,1687763157000,"""null""",1687352124218,
56f77ded-2229-4b79-8ce1-e685b328ae3b,140793,b7a395d2-44e2-43c9-9da8-40c73c2542d1,pan,RJYPO6480F,ENABLED,2023-04-10 06:06:56.699000,2023-04-10 06:06:56.699000,True,09PPx5DQiu6B5IrcvGPJlA==@authProfile.0-admin.India/1,09PPx5DQiu6B5IrcvGPJlA==@authProfile.0-admin.India/1,1687763157000,"""null""",1687344963255,
aaf940cf-f5cf-48bd-8143-da15d940dbce,140793,73aef835-0392-435e-b2fb-9786c93d405c,aadhaar,459252131567,ENABLED,2023-04-10 06:07:05.792000,2023-04-10 06:07:05.792000,True,09PPx5DQiu6B5IrcvGPJlA==@authProfile.0-admin.India/1,09PPx5DQiu6B5IrcvGPJlA==@authProfile.0-admin.India/1,1687763157000,"""null""",1687351323619,
a4acc393-6795-4e1c-97ec-34cea3266bf4,140793,6c308ca9-0d9a-4ee6-b174-58d7a70168a6,e,jananis+68596@zeta.tech,ENABLED,2023-04-10 06:07:37.565000,2023-04-10 06:07:37.565000,True,09PPx5DQiu6B5IrcvGPJlA==@authProfile.0-admin.India/1,09PPx5DQiu6B5IrcvGPJlA==@authProfile.0-admin.India/1,1687763157000,"""null""",1687350841553,
9fb19f0d-411a-4cf6-ac05-a4c0e3a14d62,140793,6c308ca9-0d9a-4ee6-b174-58d7a70168a6,pan,WSGCL5466E,ENABLED,2023-04-10 06:07:37.565000,2023-04-10 06:07:37.565000,True,09PPx5DQiu6B5IrcvGPJlA==@authProfile.0-admin.India/1,09PPx5DQiu6B5IrcvGPJlA==@authProfile.0-admin.India/1,1687763157000,"""null""",1687350475530,
e1a43913-f90d-414a-b6f7-2954c9902ffc,140793,c242dbe0-6596-44b8-82b2-c8b99e798bfa,e,Repayment_8856676763747829001_394@zeta.tech,ENABLED,2023-04-12 13:38:47.728000,2023-04-12 13:38:47.728000,True,09PPx5DQiu6B5IrcvGPJlA==@authProfile.0-admin.India/1,09PPx5DQiu6B5IrcvGPJlA==@authProfile.0-admin.India/1,1687763157000,"""null""",1687356124664,
2e3b5b9e-b9e9-4f3f-8ab8-9998527b7f42,140793,8d0483ed-743b-4041-94d8-cd5e389d641a,SSN,8cfef6bf853e5e6e6da74ae0a8d42a4c,ENABLED,2021-10-21 15:02:16.549000,2021-10-21 15:02:16.549000,True,LyuYNngY8uOuXjaS0oE1Lw==@authProfile.rbl-admin.in/2,LyuYNngY8uOuXjaS0oE1Lw==@authProfile.rbl-admin.in/2,1681503549000,,,
498ce997-6b7b-46c7-9216-b6af966def2a,140793,c242dbe0-6596-44b8-82b2-c8b99e798bfa,aadhaar,kvzZB5394Z,ENABLED,2023-04-12 13:38:47.728000,2023-04-12 13:38:47.728000,True,09PPx5DQiu6B5IrcvGPJlA==@authProfile.0-admin.India/1,09PPx5DQiu6B5IrcvGPJlA==@authProfile.0-admin.India/1,1687763157000,"""null""",1687343897471,
e579449a-4c64-4e4d-ab33-baeb6e7dd604,140793,500eccf7-4148-42e7-a62c-77321f5be8f8,e,sanjayl+1682167713@zeta.tech,ENABLED,2023-04-22 12:48:33.975000,2023-04-22 12:48:33.975000,True,35hWwq0EJyHpQpR8A50C-g==@authProfile.rbl-admin.in/23,35hWwq0EJyHpQpR8A50C-g==@authProfile.rbl-admin.in/23,1687763157000,"""null""",1687356377680,
4340ae80-0aa4-41b0-a78a-4ae9466b8e18,140793,be18a7f6-1a46-4a7f-91d0-10543fb16b39,aadhaar,kvzZB5569Z,ENABLED,2023-04-23 07:26:01.892000,2023-04-23 07:26:01.892000,True,09PPx5DQiu6B5IrcvGPJlA==@authProfile.0-admin.India/1,09PPx5DQiu6B5IrcvGPJlA==@authProfile.0-admin.India/1,1687763157000,"""null""",1687343418368,
024d8ac3-2d9f-4f85-85a9-6c28d3698e40,140793,be18a7f6-1a46-4a7f-91d0-10543fb16b39,p,+919965095909,ENABLED,2023-04-23 07:26:01.892000,2023-04-23 07:26:01.892000,True,09PPx5DQiu6B5IrcvGPJlA==@authProfile.0-admin.India/1,09PPx5DQiu6B5IrcvGPJlA==@authProfile.0-admin.India/1,1687763157000,"""null""",1687337995335,
fd65a59c-259d-4cba-b514-5263fe7abd67,600309,2d0d3a5c-56ac-4618-bd62-2bace2a46cf7,p,+12330733193,ENABLED,2023-09-27 07:26:28.650000,2023-09-27 07:26:28.650000,True,i6t1bu6oGb0kyToL0XnPwA==@authProfile.600309-admin.India/652,i6t1bu6oGb0kyToL0XnPwA==@authProfile.600309-admin.India/652,1695799892000,"""null""",1695799588678,
02929f4c-00ff-47e9-a729-6696d4ee7f7a,600309,1fbdf459-428d-43fd-a7a4-ed64c0a91b73,p,+11168853722,ENABLED,2023-09-27 07:29:32.702000,2023-09-27 07:29:32.702000,True,i6t1bu6oGb0kyToL0XnPwA==@authProfile.600309-admin.India/650,i6t1bu6oGb0kyToL0XnPwA==@authProfile.600309-admin.India/650,1695800259000,"""null""",1695799772732,
c44c5518-574b-4522-8b07-0385cbfce39a,600309,9b753514-0518-44b9-b041-921f6532fa21,p,+10009176860,ENABLED,2023-09-27 07:32:51.542000,2023-09-27 07:32:51.542000,True,i6t1bu6oGb0kyToL0XnPwA==@authProfile.600309-admin.India/652,i6t1bu6oGb0kyToL0XnPwA==@authProfile.600309-admin.India/652,1695800455000,"""null""",1695799971656,
4058692d-d450-4643-ac1c-c94a3d788925,600309,d9c41003-396b-4039-a762-0992636d11c6,p,+12199549578,ENABLED,2023-09-29 04:49:30.768000,2023-09-29 04:49:30.768000,True,i6t1bu6oGb0kyToL0XnPwA==@authProfile.600309-admin.India/660,i6t1bu6oGb0kyToL0XnPwA==@authProfile.600309-admin.India/660,1695963295000,"""null""",1695962970790,
7a2c18cd-6aee-4c60-a2ce-b31cc77fc341,600309,3d17afc2-95c0-4273-91d9-1a0aeda87ee5,p,+10244513724,ENABLED,2023-09-29 04:49:55.219000,2023-09-29 04:49:55.219000,True,i6t1bu6oGb0kyToL0XnPwA==@authProfile.600309-admin.India/660,i6t1bu6oGb0kyToL0XnPwA==@authProfile.600309-admin.India/660,1695963295000,"""null""",1695962995288,
9419a85e-7399-4093-b83a-54bd98102249,140793,c82085cd-376e-4d6b-9a8a-0b60bb216503,e,sanjayl+1697436822@zeta.tech,ENABLED,2023-10-16 06:13:42.201000,2023-10-16 06:13:42.201000,True,35hWwq0EJyHpQpR8A50C-g==@authProfile.rbl-admin.in/29,35hWwq0EJyHpQpR8A50C-g==@authProfile.rbl-admin.in/29,1697437175000,"""null""",1697436822478,
0b4b9724-530e-4ee1-8927-d8ffc3734e99,140793,b62a095e-8544-438d-94bf-bffb64fd5fdc,e,sanjayl+1673956565@zeta.tech,ENABLED,2023-01-17 11:56:05.858000,2023-01-17 11:56:05.858000,True,35hWwq0EJyHpQpR8A50C-g==@authProfile.rbl-admin.in/23,35hWwq0EJyHpQpR8A50C-g==@authProfile.rbl-admin.in/23,1681504627000,,,
e071c03a-0134-40a9-8390-230510ea1794,140793,b62a095e-8544-438d-94bf-bffb64fd5fdc,p,+91673956565,ENABLED,2023-01-17 11:56:05.858000,2023-01-17 11:56:05.858000,True,35hWwq0EJyHpQpR8A50C-g==@authProfile.rbl-admin.in/23,35hWwq0EJyHpQpR8A50C-g==@authProfile.rbl-admin.in/23,1681504627000,,,
daf2a58e-a609-4a9e-827b-90dbafaad9a5,140793,0b788b2c-0f2e-4ddb-8449-6897748e5977,p,+91674027715,ENABLED,2023-01-18 07:41:55.347000,2023-01-18 07:41:55.347000,True,35hWwq0EJyHpQpR8A50C-g==@authProfile.rbl-admin.in/23,35hWwq0EJyHpQpR8A50C-g==@authProfile.rbl-admin.in/23,1681504627000,,,
77a6d1df-9b0c-43b1-9211-22e310907eca,140793,0b788b2c-0f2e-4ddb-8449-6897748e5977,e,sanjayl+1674027715@zeta.tech,ENABLED,2023-01-18 07:41:55.347000,2023-01-18 07:41:55.347000,True,35hWwq0EJyHpQpR8A50C-g==@authProfile.rbl-admin.in/23,35hWwq0EJyHpQpR8A50C-g==@authProfile.rbl-admin.in/23,1681504627000,,,
664b2319-f804-4f68-aef0-35687f16a78e,140793,0b788b2c-0f2e-4ddb-8449-6897748e5977,aadhaar,R73Al41512R,ENABLED,2023-01-18 07:41:55.347000,2023-01-18 07:41:55.347000,True,35hWwq0EJyHpQpR8A50C-g==@authProfile.rbl-admin.in/23,35hWwq0EJyHpQpR8A50C-g==@authProfile.rbl-admin.in/23,1681504627000,,,
d04f9936-d2bc-4131-b535-6948af003e0f,140793,605094d5-48e9-4dae-b8aa-f3029f343e81,e,Alvera.Mertz@yahoo.com,ENABLED,2023-01-18 12:26:58.450000,2023-01-18 12:26:58.450000,True,NJan4QllZNtRiTouj93bSw==@authProfile.rbl-admin.in/525,NJan4QllZNtRiTouj93bSw==@authProfile.rbl-admin.in/525,1681504627000,,,
2f44e267-959e-4959-9be6-26e65ada13f5,140793,fbd73196-2e72-411e-a24d-e8594309c885,pan,XESJG7697Y,ENABLED,2023-03-13 12:50:50.239000,2023-03-13 12:50:50.239000,True,09PPx5DQiu6B5IrcvGPJlA==@authProfile.0-admin.India/1,09PPx5DQiu6B5IrcvGPJlA==@authProfile.0-admin.India/1,1681504627000,,,
7c0a973c-2c9d-4298-8108-dfabc8a1a295,140793,bc6dc88c-1b5f-4b7e-a041-109aa34ff061,e,COA__4035248022331589538__668856@gmail.com,ENABLED,2023-03-13 13:24:12.944000,2023-03-13 13:24:12.944000,True,09PPx5DQiu6B5IrcvGPJlA==@authProfile.0-admin.India/1,09PPx5DQiu6B5IrcvGPJlA==@authProfile.0-admin.India/1,1681504627000,,,
84737e87-f024-4d40-bb41-b62dfe8b31a0,140793,bb98c9e6-d442-4b9b-bfaf-148605f3d679,pan,CZAFC1618K,ENABLED,2023-03-14 11:51:31.433000,2023-03-14 11:51:31.433000,True,09PPx5DQiu6B5IrcvGPJlA==@authProfile.0-admin.India/1,09PPx5DQiu6B5IrcvGPJlA==@authProfile.0-admin.India/1,1681504627000,,,
2947d876-7d4e-4460-90e1-a86cde23ff3e,140793,c9b4a599-9d72-4fb7-aa52-dbbd636db1e3,e,COA__4035248022331589538__275631@gmail.com,ENABLED,2023-03-15 09:31:08.726000,2023-03-15 09:31:08.726000,True,09PPx5DQiu6B5IrcvGPJlA==@authProfile.0-admin.India/1,09PPx5DQiu6B5IrcvGPJlA==@authProfile.0-admin.India/1,1681504627000,,,
30be2373-1d4b-4578-b293-15a406b55291,140793,c9b4a599-9d72-4fb7-aa52-dbbd636db1e3,aadhaar,932270458970,ENABLED,2023-03-15 09:31:08.726000,2023-03-15 09:31:08.726000,True,09PPx5DQiu6B5IrcvGPJlA==@authProfile.0-admin.India/1,09PPx5DQiu6B5IrcvGPJlA==@authProfile.0-admin.India/1,1681504627000,,,
27c22935-d92c-4de2-833e-64b066d40019,140793,b659dc51-cc0b-4ff0-884d-e8cdf12095a0,p,+916171340955,ENABLED,2023-03-21 10:09:54.952000,2023-03-21 10:09:54.952000,True,09PPx5DQiu6B5IrcvGPJlA==@authProfile.0-admin.India/1,09PPx5DQiu6B5IrcvGPJlA==@authProfile.0-admin.India/1,1681504627000,,,
2f42992e-af22-4d9f-a537-d622b6a1a76b,140793,b659dc51-cc0b-4ff0-884d-e8cdf12095a0,e,COA__4035248022331589538__887742@gmail.com,ENABLED,2023-03-21 10:09:54.952000,2023-03-21 10:09:54.952000,True,09PPx5DQiu6B5IrcvGPJlA==@authProfile.0-admin.India/1,09PPx5DQiu6B5IrcvGPJlA==@authProfile.0-admin.India/1,1681504627000,,,
2ca0e40b-8aec-47ae-b073-edb1ceb3b598,140793,b659dc51-cc0b-4ff0-884d-e8cdf12095a0,pan,DQTPY5913Q,ENABLED,2023-03-21 10:09:54.952000,2023-03-21 10:09:54.952000,True,09PPx5DQiu6B5IrcvGPJlA==@authProfile.0-admin.India/1,09PPx5DQiu6B5IrcvGPJlA==@authProfile.0-admin.India/1,1681504627000,,,
0e69004e-8674-4db8-8b7b-d036bed772bf,140793,2ff3e88c-1ad5-4f86-b978-2f13a7ae929a,pan,FJZAQ3479F,ENABLED,2023-03-21 10:09:59.567000,2023-03-21 10:09:59.567000,True,09PPx5DQiu6B5IrcvGPJlA==@authProfile.0-admin.India/1,09PPx5DQiu6B5IrcvGPJlA==@authProfile.0-admin.India/1,1681504627000,,,
e253431a-6aa9-4055-a7b9-6daa8a3f008a,140793,8c53d5b5-5f44-41c0-99fc-469e52444996,pan,UVYCE7721M,ENABLED,2023-03-21 10:10:00.912000,2023-03-21 10:10:00.912000,True,09PPx5DQiu6B5IrcvGPJlA==@authProfile.0-admin.India/1,09PPx5DQiu6B5IrcvGPJlA==@authProfile.0-admin.India/1,1681504627000,,,
3242ea88-d545-49cd-8a94-c6cf521e0e13,140793,c242dbe0-6596-44b8-82b2-c8b99e798bfa,pan,CDYYB5394Z,ENABLED,2023-04-12 13:38:47.728000,2023-04-12 13:38:47.728000,True,09PPx5DQiu6B5IrcvGPJlA==@authProfile.0-admin.India/1,09PPx5DQiu6B5IrcvGPJlA==@authProfile.0-admin.India/1,1687763157000,"""null""",1687341932069,
2e3dc351-4fab-4d79-a3dc-6fdbe945ec15,140793,30e8c429-f5a0-4578-89a5-9c6f6ed02f4d,pan,CDYYB513Z,ENABLED,2023-04-23 07:24:58.876000,2023-04-23 07:24:58.876000,True,09PPx5DQiu6B5IrcvGPJlA==@authProfile.0-admin.India/1,09PPx5DQiu6B5IrcvGPJlA==@authProfile.0-admin.India/1,1687763157000,"""null""",1687341654807,
8c51cee3-f5b3-42eb-b8e7-64db114f774b,140793,30e8c429-f5a0-4578-89a5-9c6f6ed02f4d,e,Repayment_8856676763747829001_13@zeta.tech,ENABLED,2023-04-23 07:24:58.876000,2023-04-23 07:24:58.876000,True,09PPx5DQiu6B5IrcvGPJlA==@authProfile.0-admin.India/1,09PPx5DQiu6B5IrcvGPJlA==@authProfile.0-admin.India/1,1687763157000,"""null""",1687348895384,
712dd416-c77a-46b4-9702-ff7965dae3d0,140793,be18a7f6-1a46-4a7f-91d0-10543fb16b39,e,Repayment_8856676763747829001_569@zeta.tech,ENABLED,2023-04-23 07:26:01.892000,2023-04-23 07:26:01.892000,True,09PPx5DQiu6B5IrcvGPJlA==@authProfile.0-admin.India/1,09PPx5DQiu6B5IrcvGPJlA==@authProfile.0-admin.India/1,1687763157000,"""null""",1687346854348,
852950ac-5fa9-481e-a996-368dbd1dbf9d,600309,da00704b-8107-4e74-b65a-2dc89042e9f5,p,+19736136903,ENABLED,2023-09-27 06:36:50.417000,2023-09-27 06:36:50.417000,True,i6t1bu6oGb0kyToL0XnPwA==@authProfile.600309-admin.India/652,i6t1bu6oGb0kyToL0XnPwA==@authProfile.600309-admin.India/652,1695796921000,"""null""",1695796610531,
6e4d56f3-d54d-4ab3-9721-902afef2c63a,600309,d9b07678-cbfe-4b8e-8a05-406522a722af,p,+19820258071,ENABLED,2023-09-27 07:23:07.032000,2023-09-27 07:23:07.032000,True,i6t1bu6oGb0kyToL0XnPwA==@authProfile.600309-admin.India/650,i6t1bu6oGb0kyToL0XnPwA==@authProfile.600309-admin.India/650,1695799892000,"""null""",1695799387063,
d922ae11-cb82-46ce-9727-ae044b5dbb1d,600309,0ec891d6-0b87-4693-bca2-350196f53c3f,p,+19019383054,ENABLED,2023-09-27 07:25:54.332000,2023-09-27 07:25:54.332000,True,i6t1bu6oGb0kyToL0XnPwA==@authProfile.600309-admin.India/652,i6t1bu6oGb0kyToL0XnPwA==@authProfile.600309-admin.India/652,1695799892000,"""null""",1695799554438,
4574c5ba-5d02-40d9-85c8-0748b445be3a,600309,005c4d11-cbbd-4344-b9d1-a2339d4c1dbf,p,+12590752529,ENABLED,2023-09-27 07:26:14.327000,2023-09-27 07:26:14.327000,True,i6t1bu6oGb0kyToL0XnPwA==@authProfile.600309-admin.India/650,i6t1bu6oGb0kyToL0XnPwA==@authProfile.600309-admin.India/650,1695799892000,"""null""",1695799574346,
e567813b-0257-47f1-8909-cb2087576257,600309,e387e3d0-b10a-4adb-924c-275ca6316d0a,p,+19681657864,ENABLED,2023-09-27 07:27:11.133000,2023-09-27 07:27:11.133000,True,i6t1bu6oGb0kyToL0XnPwA==@authProfile.600309-admin.India/650,i6t1bu6oGb0kyToL0XnPwA==@authProfile.600309-admin.India/650,1695800259000,"""null""",1695799631307,
1f204479-abfd-488e-b885-65765926b14f,600309,34948dce-ca1f-40a5-9b08-342366510c95,p,+17888933971,ENABLED,2023-09-29 04:57:27.257000,2023-09-29 04:57:27.257000,True,i6t1bu6oGb0kyToL0XnPwA==@authProfile.600309-admin.India/660,i6t1bu6oGb0kyToL0XnPwA==@authProfile.600309-admin.India/660,1695963859000,"""null""",1695963447288,
afb5453b-b867-4a5f-934e-f8c9b77d348b,140793,c82085cd-376e-4d6b-9a8a-0b60bb216503,pan,SI1T73913T,ENABLED,2023-10-16 06:13:42.201000,2023-10-16 06:13:42.201000,True,35hWwq0EJyHpQpR8A50C-g==@authProfile.rbl-admin.in/29,35hWwq0EJyHpQpR8A50C-g==@authProfile.rbl-admin.in/29,1697437175000,"""null""",1697436822478,
e35dc485-aa74-47e5-a93d-1b33199cccde,140793,05f401cf-2b8a-4931-a61b-0bc7df794a60,ITIN,523456010,ENABLED,2023-01-11 19:11:22.010000,2023-01-11 19:11:22.010000,True,NJan4QllZNtRiTouj93bSw==@authProfile.rbl-admin.in/517,NJan4QllZNtRiTouj93bSw==@authProfile.rbl-admin.in/517,1681504627000,,,
c0b1234b-94c5-4f9d-a8ae-371e6a12b968,140793,05f401cf-2b8a-4931-a61b-0bc7df794a60,p,+19994316006,ENABLED,2023-01-11 19:11:22.010000,2023-01-11 19:11:22.010000,True,NJan4QllZNtRiTouj93bSw==@authProfile.rbl-admin.in/517,NJan4QllZNtRiTouj93bSw==@authProfile.rbl-admin.in/517,1681504627000,,,
8f899e9b-068e-4834-ade3-4ea35c521ce9,140793,0b788b2c-0f2e-4ddb-8449-6897748e5977,pan,J14K69912D,ENABLED,2023-01-18 07:41:55.347000,2023-01-18 07:41:55.347000,True,35hWwq0EJyHpQpR8A50C-g==@authProfile.rbl-admin.in/23,35hWwq0EJyHpQpR8A50C-g==@authProfile.rbl-admin.in/23,1681504627000,,,
194036cc-0aa0-46a6-ab38-4baa9170ff69,140793,605094d5-48e9-4dae-b8aa-f3029f343e81,ITIN,123456007,ENABLED,2023-01-18 12:26:58.450000,2023-01-18 12:26:58.450000,True,NJan4QllZNtRiTouj93bSw==@authProfile.rbl-admin.in/525,NJan4QllZNtRiTouj93bSw==@authProfile.rbl-admin.in/525,1681504627000,,,
d071bf8d-e037-4e91-969c-65d5c8180390,140793,605094d5-48e9-4dae-b8aa-f3029f343e81,p,+19994316502,ENABLED,2023-01-18 12:26:58.450000,2023-01-18 12:26:58.450000,True,NJan4QllZNtRiTouj93bSw==@authProfile.rbl-admin.in/525,NJan4QllZNtRiTouj93bSw==@authProfile.rbl-admin.in/525,1681504627000,,,
b7ea75c5-4fed-45af-8a81-76c350db5a2a,140793,fbd73196-2e72-411e-a24d-e8594309c885,e,COA__4035248022331589538__943879@gmail.com,ENABLED,2023-03-13 12:50:50.239000,2023-03-13 12:50:50.239000,True,09PPx5DQiu6B5IrcvGPJlA==@authProfile.0-admin.India/1,09PPx5DQiu6B5IrcvGPJlA==@authProfile.0-admin.India/1,1681504627000,,,
dda0d65c-ec64-49e6-baff-e3210ebeb288,140793,bc6dc88c-1b5f-4b7e-a041-109aa34ff061,p,+916143642373,ENABLED,2023-03-13 13:24:12.944000,2023-03-13 13:24:12.944000,True,09PPx5DQiu6B5IrcvGPJlA==@authProfile.0-admin.India/1,09PPx5DQiu6B5IrcvGPJlA==@authProfile.0-admin.India/1,1681504627000,,,
a081f4a6-a1ee-4e4d-aa08-8641c7b5c50a,140793,2a720b44-4200-4adb-a552-70b7c01b617f,p,+916158867134,ENABLED,2023-03-13 13:24:13.245000,2023-03-13 13:24:13.245000,True,09PPx5DQiu6B5IrcvGPJlA==@authProfile.0-admin.India/1,09PPx5DQiu6B5IrcvGPJlA==@authProfile.0-admin.India/1,1681504627000,,,
93791a2b-ca6b-4960-9aea-d21ce5cea7d8,140793,2a720b44-4200-4adb-a552-70b7c01b617f,e,COA__4035248022331589538__478471@gmail.com,ENABLED,2023-03-13 13:24:13.245000,2023-03-13 13:24:13.245000,True,09PPx5DQiu6B5IrcvGPJlA==@authProfile.0-admin.India/1,09PPx5DQiu6B5IrcvGPJlA==@authProfile.0-admin.India/1,1681504627000,,,
c59be425-a0ba-46ce-b197-13f78350f7ef,140793,bfab6879-45a8-4d30-ae53-12a9356e1a57,e,COA__4035248022331589538__639216@gmail.com,ENABLED,2023-03-13 13:24:13.563000,2023-03-13 13:24:13.563000,True,09PPx5DQiu6B5IrcvGPJlA==@authProfile.0-admin.India/1,09PPx5DQiu6B5IrcvGPJlA==@authProfile.0-admin.India/1,1681504627000,,,
5794178b-fa90-49cb-823c-3159c1300e85,140793,bfab6879-45a8-4d30-ae53-12a9356e1a57,aadhaar,135630054528,ENABLED,2023-03-13 13:24:13.563000,2023-03-13 13:24:13.563000,True,09PPx5DQiu6B5IrcvGPJlA==@authProfile.0-admin.India/1,09PPx5DQiu6B5IrcvGPJlA==@authProfile.0-admin.India/1,1681504627000,,,
52c0c26d-d938-4267-9dd4-77f8e437ad95,140793,bb98c9e6-d442-4b9b-bfaf-148605f3d679,e,COA__4035248022331589538__142487@gmail.com,ENABLED,2023-03-14 11:51:31.433000,2023-03-14 11:51:31.433000,True,09PPx5DQiu6B5IrcvGPJlA==@authProfile.0-admin.India/1,09PPx5DQiu6B5IrcvGPJlA==@authProfile.0-admin.India/1,1681504627000,,,
bd9ea69d-f6af-4a97-acb1-4805376ff0df,140793,b659dc51-cc0b-4ff0-884d-e8cdf12095a0,aadhaar,988853496717,ENABLED,2023-03-21 10:09:54.952000,2023-03-21 10:09:54.952000,True,09PPx5DQiu6B5IrcvGPJlA==@authProfile.0-admin.India/1,09PPx5DQiu6B5IrcvGPJlA==@authProfile.0-admin.India/1,1681504627000,,,
b9752238-d6c3-4f01-8041-07913ce4be25,140793,9030b79b-35d4-4571-90a5-ccc7fd9c5f12,aadhaar,123769635032,ENABLED,2023-03-21 10:09:57.693000,2023-03-21 10:09:57.693000,True,09PPx5DQiu6B5IrcvGPJlA==@authProfile.0-admin.India/1,09PPx5DQiu6B5IrcvGPJlA==@authProfile.0-admin.India/1,1681504627000,,,
cd863032-32b6-469e-9b87-6be7bdd8b1ed,140793,2ff3e88c-1ad5-4f86-b978-2f13a7ae929a,e,COA__4035248022331589538__504164@gmail.com,ENABLED,2023-03-21 10:09:59.567000,2023-03-21 10:09:59.567000,True,09PPx5DQiu6B5IrcvGPJlA==@authProfile.0-admin.India/1,09PPx5DQiu6B5IrcvGPJlA==@authProfile.0-admin.India/1,1681504627000,,,
bdcad945-2814-48a4-a1ea-09d1d25b43eb,140793,8c53d5b5-5f44-41c0-99fc-469e52444996,p,+916188372069,ENABLED,2023-03-21 10:10:00.912000,2023-03-21 10:10:00.912000,True,09PPx5DQiu6B5IrcvGPJlA==@authProfile.0-admin.India/1,09PPx5DQiu6B5IrcvGPJlA==@authProfile.0-admin.India/1,1681504627000,,,
1aa2228a-da30-4e74-a835-afc43a6daa28,140793,8c53d5b5-5f44-41c0-99fc-469e52444996,aadhaar,754533792739,ENABLED,2023-03-21 10:10:00.912000,2023-03-21 10:10:00.912000,True,09PPx5DQiu6B5IrcvGPJlA==@authProfile.0-admin.India/1,09PPx5DQiu6B5IrcvGPJlA==@authProfile.0-admin.India/1,1681504627000,,,
18538a8a-0bd8-499f-840f-7a92e8d23ba7,140793,0d6497e4-12d9-4841-ad68-e28d95174153,e,sanjayl+1679649355@zeta.tech,ENABLED,2023-03-24 09:15:55.183000,2023-03-24 09:15:55.183000,True,35hWwq0EJyHpQpR8A50C-g==@authProfile.rbl-admin.in/23,35hWwq0EJyHpQpR8A50C-g==@authProfile.rbl-admin.in/23,1681504627000,,,
a20d2dbe-a7af-4c38-ac8d-fb59aa963279,140793,8d0483ed-743b-4041-94d8-cd5e389d641a,p,+18888885004,ENABLED,2021-10-21 15:02:16.549000,2021-10-21 15:02:16.549000,True,LyuYNngY8uOuXjaS0oE1Lw==@authProfile.rbl-admin.in/2,LyuYNngY8uOuXjaS0oE1Lw==@authProfile.rbl-admin.in/2,1681503549000,,,
6884d172-d6d2-4024-9e9c-492d13f69739,140793,8d0483ed-743b-4041-94d8-cd5e389d641a,e,Jhonnydoe04@gmail.com,ENABLED,2021-10-21 15:02:16.549000,2021-10-21 15:02:16.549000,True,LyuYNngY8uOuXjaS0oE1Lw==@authProfile.rbl-admin.in/2,LyuYNngY8uOuXjaS0oE1Lw==@authProfile.rbl-admin.in/2,1681503549000,,,
34376453-5e37-4bfa-aef5-31b9bd8a1353,140793,5b990f0a-d973-4dd7-8805-6bd13547a8a8,p,+916161237860,ENABLED,2023-04-10 05:16:38.538000,2023-04-10 05:16:38.538000,True,09PPx5DQiu6B5IrcvGPJlA==@authProfile.0-admin.India/1,09PPx5DQiu6B5IrcvGPJlA==@authProfile.0-admin.India/1,1687763157000,"""null""",1687342064736,
c4612db3-57a3-444b-9ae9-cfbea52183d3,140793,73aef835-0392-435e-b2fb-9786c93d405c,p,+916155047187,ENABLED,2023-04-10 06:07:05.792000,2023-04-10 06:07:05.792000,True,09PPx5DQiu6B5IrcvGPJlA==@authProfile.0-admin.India/1,09PPx5DQiu6B5IrcvGPJlA==@authProfile.0-admin.India/1,1687763157000,"""null""",1687353499917,
80a967b0-06c0-48f9-a462-a10c1e71eb79,140793,73aef835-0392-435e-b2fb-9786c93d405c,pan,PYSTX8604K,ENABLED,2023-04-10 06:07:05.792000,2023-04-10 06:07:05.792000,True,09PPx5DQiu6B5IrcvGPJlA==@authProfile.0-admin.India/1,09PPx5DQiu6B5IrcvGPJlA==@authProfile.0-admin.India/1,1687763157000,"""null""",1687348062460,
743f9e21-12a6-45bd-b125-feec4d659546,140793,d50243a3-cfe9-4d61-a6c6-fdbccef71671,aadhaar,249825395107,ENABLED,2023-04-10 06:07:23.639000,2023-04-10 06:07:23.639000,True,09PPx5DQiu6B5IrcvGPJlA==@authProfile.0-admin.India/1,09PPx5DQiu6B5IrcvGPJlA==@authProfile.0-admin.India/1,1687763157000,"""null""",1687347101347,
8d5c656e-61c5-4e74-ab89-4765d894c8b5,140793,6c308ca9-0d9a-4ee6-b174-58d7a70168a6,aadhaar,417761219566,ENABLED,2023-04-10 06:07:37.565000,2023-04-10 06:07:37.565000,True,09PPx5DQiu6B5IrcvGPJlA==@authProfile.0-admin.India/1,09PPx5DQiu6B5IrcvGPJlA==@authProfile.0-admin.India/1,1687763157000,"""null""",1687349024627,
64730f6e-5c1a-4d49-8c7b-eaada8460fe6,140793,6c308ca9-0d9a-4ee6-b174-58d7a70168a6,p,+916149286902,ENABLED,2023-04-10 06:07:37.565000,2023-04-10 06:07:37.565000,True,09PPx5DQiu6B5IrcvGPJlA==@authProfile.0-admin.India/1,09PPx5DQiu6B5IrcvGPJlA==@authProfile.0-admin.India/1,1687763157000,"""null""",1687345901063,
1df5e683-7437-465a-8860-a86ebf578969,140793,500eccf7-4148-42e7-a62c-77321f5be8f8,aadhaar,OE8ql21223E,ENABLED,2023-04-22 12:48:33.975000,2023-04-22 12:48:33.975000,True,35hWwq0EJyHpQpR8A50C-g==@authProfile.rbl-admin.in/23,35hWwq0EJyHpQpR8A50C-g==@authProfile.rbl-admin.in/23,1687763157000,"""null""",1687340163917,
a4d0aca0-9bac-4eee-8432-501f612121e6,140793,5b990f0a-d973-4dd7-8805-6bd13547a8a8,e,jananis+41083@zeta.tech,ENABLED,2023-04-10 05:16:38.538000,2023-04-10 05:16:38.538000,True,09PPx5DQiu6B5IrcvGPJlA==@authProfile.0-admin.India/1,09PPx5DQiu6B5IrcvGPJlA==@authProfile.0-admin.India/1,1687763157000,"""null""",1687350841555,
24941d17-8cc5-4e5e-beda-cff9c4a8d11c,140793,b7a395d2-44e2-43c9-9da8-40c73c2542d1,e,jananis+74017@zeta.tech,ENABLED,2023-04-10 06:06:56.699000,2023-04-10 06:06:56.699000,True,09PPx5DQiu6B5IrcvGPJlA==@authProfile.0-admin.India/1,09PPx5DQiu6B5IrcvGPJlA==@authProfile.0-admin.India/1,1687763157000,"""null""",1687340827274,
66baca13-8f8e-48e1-817e-c5fa84ba7cfb,140793,73aef835-0392-435e-b2fb-9786c93d405c,e,jananis+83514@zeta.tech,ENABLED,2023-04-10 06:07:05.792000,2023-04-10 06:07:05.792000,True,09PPx5DQiu6B5IrcvGPJlA==@authProfile.0-admin.India/1,09PPx5DQiu6B5IrcvGPJlA==@authProfile.0-admin.India/1,1687763157000,"""null""",1687346135621,
8d45f3a2-e903-4ea1-9a0c-82a962ca0465,140793,d50243a3-cfe9-4d61-a6c6-fdbccef71671,e,jananis+86449@zeta.tech,ENABLED,2023-04-10 06:07:23.639000,2023-04-10 06:07:23.639000,True,09PPx5DQiu6B5IrcvGPJlA==@authProfile.0-admin.India/1,09PPx5DQiu6B5IrcvGPJlA==@authProfile.0-admin.India/1,1687763157000,"""null""",1687349024625,
805c625f-a666-4b5f-bda8-d54e50cd9fd4,140793,d50243a3-cfe9-4d61-a6c6-fdbccef71671,p,+916139746692,ENABLED,2023-04-10 06:07:23.639000,2023-04-10 06:07:23.639000,True,09PPx5DQiu6B5IrcvGPJlA==@authProfile.0-admin.India/1,09PPx5DQiu6B5IrcvGPJlA==@authProfile.0-admin.India/1,1687763157000,"""null""",1687348062451,
6bd3800b-c976-49f9-8856-4b1e075308d0,140793,c242dbe0-6596-44b8-82b2-c8b99e798bfa,p,+919910927085,ENABLED,2023-04-12 13:38:47.728000,2023-04-12 13:38:47.728000,True,09PPx5DQiu6B5IrcvGPJlA==@authProfile.0-admin.India/1,09PPx5DQiu6B5IrcvGPJlA==@authProfile.0-admin.India/1,1687763157000,"""null""",1687346487059,
08cc6ae2-d1a6-4fbf-b7c5-be243faabcdc,140793,500eccf7-4148-42e7-a62c-77321f5be8f8,p,+91682167713,ENABLED,2023-04-22 12:48:33.975000,2023-04-22 12:48:33.975000,True,35hWwq0EJyHpQpR8A50C-g==@authProfile.rbl-admin.in/23,35hWwq0EJyHpQpR8A50C-g==@authProfile.rbl-admin.in/23,1687763157000,"""null""",1687338483293,
ae6e0b42-4350-4e60-b1f4-465cd825d717,140793,30e8c429-f5a0-4578-89a5-9c6f6ed02f4d,p,+919996602523,ENABLED,2023-04-23 07:24:58.876000,2023-04-23 07:24:58.876000,True,09PPx5DQiu6B5IrcvGPJlA==@authProfile.0-admin.India/1,09PPx5DQiu6B5IrcvGPJlA==@authProfile.0-admin.India/1,1687763157000,"""null""",1687351556330,
2a980c8d-bb9c-4d87-923f-883e02efd630,140793,30e8c429-f5a0-4578-89a5-9c6f6ed02f4d,aadhaar,kvzZB513Z,ENABLED,2023-04-23 07:24:58.876000,2023-04-23 07:24:58.876000,True,09PPx5DQiu6B5IrcvGPJlA==@authProfile.0-admin.India/1,09PPx5DQiu6B5IrcvGPJlA==@authProfile.0-admin.India/1,1687763157000,"""null""",1687341238551,
7f4ac755-5487-4d99-9cef-979aa6e2a17f,600309,47fb563d-fb88-4d6a-a8d4-93780ee5e66a,p,+11508404476,ENABLED,2023-09-27 07:23:22.128000,2023-09-27 07:23:22.128000,True,i6t1bu6oGb0kyToL0XnPwA==@authProfile.600309-admin.India/652,i6t1bu6oGb0kyToL0XnPwA==@authProfile.600309-admin.India/652,1695799892000,"""null""",1695799402160,
21fea047-b8dd-4718-b536-d02f548aa030,600309,01ac81f0-e349-4409-9194-86deac900c90,p,+18310875872,ENABLED,2023-09-27 07:23:36.871000,2023-09-27 07:23:36.871000,True,i6t1bu6oGb0kyToL0XnPwA==@authProfile.600309-admin.India/650,i6t1bu6oGb0kyToL0XnPwA==@authProfile.600309-admin.India/650,1695799892000,"""null""",1695799416905,
3e70b290-9418-433d-a06e-f64b10688b73,600309,13c854bd-979b-421f-8422-577a214997d6,p,+17750635987,ENABLED,2023-09-27 07:27:31.760000,2023-09-27 07:27:31.760000,True,i6t1bu6oGb0kyToL0XnPwA==@authProfile.600309-admin.India/652,i6t1bu6oGb0kyToL0XnPwA==@authProfile.600309-admin.India/652,1695800259000,"""null""",1695799651814,
a4603189-1d03-42b8-84d4-db05ab72a8b1,140793,c82085cd-376e-4d6b-9a8a-0b60bb216503,p,+91697436822,ENABLED,2023-10-16 06:13:42.201000,2023-10-16 06:13:42.201000,True,35hWwq0EJyHpQpR8A50C-g==@authProfile.rbl-admin.in/29,35hWwq0EJyHpQpR8A50C-g==@authProfile.rbl-admin.in/29,1697437175000,"""null""",1697436822478,
f55e2df8-4174-40a7-94ff-7db158f84eb1,600309,a48d7775-082c-4245-8631-434a589b2f22,p,+11547715969,ENABLED,2023-10-16 13:23:32.507000,2023-10-16 13:23:32.507000,True,i6t1bu6oGb0kyToL0XnPwA==@authProfile.600309-admin.India/740,i6t1bu6oGb0kyToL0XnPwA==@authProfile.600309-admin.India/740,1697462940000,"""null""",1697462612549,
6675291b-e17f-460d-bb06-c27efd7a408d,600309,5535f313-7d99-4e76-855c-501d2ec67d68,p,+10412348247,ENABLED,2023-10-16 13:23:59.125000,2023-10-16 13:23:59.125000,True,i6t1bu6oGb0kyToL0XnPwA==@authProfile.600309-admin.India/740,i6t1bu6oGb0kyToL0XnPwA==@authProfile.600309-admin.India/740,1697462940000,"""null""",1697462639230,
2e539538-b4e7-4183-870c-0a65959db475,140793,05f401cf-2b8a-4931-a61b-0bc7df794a60,e,Neoma25@yahoo.com,ENABLED,2023-01-11 19:11:22.010000,2023-01-11 19:11:22.010000,True,NJan4QllZNtRiTouj93bSw==@authProfile.rbl-admin.in/517,NJan4QllZNtRiTouj93bSw==@authProfile.rbl-admin.in/517,1681504627000,,,
2cf5b914-0041-4225-b31a-62e794230e0b,140793,05f401cf-2b8a-4931-a61b-0bc7df794a60,SSN,523456010,ENABLED,2023-01-11 19:11:22.010000,2023-01-11 19:11:22.010000,True,NJan4QllZNtRiTouj93bSw==@authProfile.rbl-admin.in/517,NJan4QllZNtRiTouj93bSw==@authProfile.rbl-admin.in/517,1681504627000,,,
d195c306-4411-478a-96c1-92f4e5f4c5c1,140793,b62a095e-8544-438d-94bf-bffb64fd5fdc,aadhaar,Z63Al41512D,ENABLED,2023-01-17 11:56:05.858000,2023-01-17 11:56:05.858000,True,35hWwq0EJyHpQpR8A50C-g==@authProfile.rbl-admin.in/23,35hWwq0EJyHpQpR8A50C-g==@authProfile.rbl-admin.in/23,1681504627000,,,
f26f5fb6-bf78-4bfb-a755-5e1dad381e37,140793,605094d5-48e9-4dae-b8aa-f3029f343e81,SSN,123456006,ENABLED,2023-01-18 12:26:58.450000,2023-01-18 12:26:58.450000,True,NJan4QllZNtRiTouj93bSw==@authProfile.rbl-admin.in/525,NJan4QllZNtRiTouj93bSw==@authProfile.rbl-admin.in/525,1681504627000,,,
7b107804-d040-4599-aa5c-b4d8ae360583,140793,33aaf81a-a85a-4594-8c80-63b0b04336c0,SSN,123456523,ENABLED,2023-01-20 10:52:29.024000,2023-01-20 10:52:29.024000,True,NJan4QllZNtRiTouj93bSw==@authProfile.rbl-admin.in/523,NJan4QllZNtRiTouj93bSw==@authProfile.rbl-admin.in/523,1681504627000,,,
078a350c-7afd-47fd-b87d-aa25d50b615b,140793,33aaf81a-a85a-4594-8c80-63b0b04336c0,p,+19919644155,ENABLED,2023-01-20 10:52:29.024000,2023-01-20 10:52:29.024000,True,NJan4QllZNtRiTouj93bSw==@authProfile.rbl-admin.in/523,NJan4QllZNtRiTouj93bSw==@authProfile.rbl-admin.in/523,1681504627000,,,
ea744a74-69ce-4019-bf0c-d34272342f3c,140793,bc6dc88c-1b5f-4b7e-a041-109aa34ff061,pan,SURCE5564B,ENABLED,2023-03-13 13:24:12.944000,2023-03-13 13:24:12.944000,True,09PPx5DQiu6B5IrcvGPJlA==@authProfile.0-admin.India/1,09PPx5DQiu6B5IrcvGPJlA==@authProfile.0-admin.India/1,1681504627000,,,
2b006103-1feb-4a8d-bcd8-ebd361042131,140793,bfab6879-45a8-4d30-ae53-12a9356e1a57,p,+916122942447,ENABLED,2023-03-13 13:24:13.563000,2023-03-13 13:24:13.563000,True,09PPx5DQiu6B5IrcvGPJlA==@authProfile.0-admin.India/1,09PPx5DQiu6B5IrcvGPJlA==@authProfile.0-admin.India/1,1681504627000,,,
51eae8f5-50ca-472b-a84a-2f661717598d,140793,9030b79b-35d4-4571-90a5-ccc7fd9c5f12,p,+916115059761,ENABLED,2023-03-21 10:09:57.693000,2023-03-21 10:09:57.693000,True,09PPx5DQiu6B5IrcvGPJlA==@authProfile.0-admin.India/1,09PPx5DQiu6B5IrcvGPJlA==@authProfile.0-admin.India/1,1681504627000,,,
a403bebc-68ca-4177-9f1e-d96bbe84ca69,140793,9030b79b-35d4-4571-90a5-ccc7fd9c5f12,e,COA__4035248022331589538__492444@gmail.com,ENABLED,2023-03-21 10:09:57.693000,2023-03-21 10:09:57.693000,True,09PPx5DQiu6B5IrcvGPJlA==@authProfile.0-admin.India/1,09PPx5DQiu6B5IrcvGPJlA==@authProfile.0-admin.India/1,1681504627000,,,
0166cd26-9b7b-41ff-856c-7ea7f4f5db26,140793,9030b79b-35d4-4571-90a5-ccc7fd9c5f12,pan,STFLI9429S,ENABLED,2023-03-21 10:09:57.693000,2023-03-21 10:09:57.693000,True,09PPx5DQiu6B5IrcvGPJlA==@authProfile.0-admin.India/1,09PPx5DQiu6B5IrcvGPJlA==@authProfile.0-admin.India/1,1681504627000,,,
40ff92b8-6a9c-445c-b164-f426f7edbb99,140793,0d6497e4-12d9-4841-ad68-e28d95174153,p,+91679649355,ENABLED,2023-03-24 09:15:55.183000,2023-03-24 09:15:55.183000,True,35hWwq0EJyHpQpR8A50C-g==@authProfile.rbl-admin.in/23,35hWwq0EJyHpQpR8A50C-g==@authProfile.rbl-admin.in/23,1681504627000,,,
3940c7a3-fa1c-481c-ad93-99a9ee932a74,140793,0d6497e4-12d9-4841-ad68-e28d95174153,pan,Q39J72922K,ENABLED,2023-03-24 09:15:55.183000,2023-03-24 09:15:55.183000,True,35hWwq0EJyHpQpR8A50C-g==@authProfile.rbl-admin.in/23,35hWwq0EJyHpQpR8A50C-g==@authProfile.rbl-admin.in/23,1681504627000,,,
37ac8151-07e4-4cf2-99ce-1d0dc6c53af2,140793,500eccf7-4148-42e7-a62c-77321f5be8f8,pan,OE9Q83822K,ENABLED,2023-04-22 12:48:33.975000,2023-04-22 12:48:33.975000,True,35hWwq0EJyHpQpR8A50C-g==@authProfile.rbl-admin.in/23,35hWwq0EJyHpQpR8A50C-g==@authProfile.rbl-admin.in/23,1687763157000,"""null""",1687342461600,
214f84a7-7c11-495f-b286-54c759a7ecf4,140793,be18a7f6-1a46-4a7f-91d0-10543fb16b39,pan,CDYYB5569Z,ENABLED,2023-04-23 07:26:01.892000,2023-04-23 07:26:01.892000,True,09PPx5DQiu6B5IrcvGPJlA==@authProfile.0-admin.India/1,09PPx5DQiu6B5IrcvGPJlA==@authProfile.0-admin.India/1,1687763157000,"""null""",1687340561726,
077557ea-720c-43bf-9706-a91a8ccdd84d,600309,7d6feb65-af35-40d2-87e9-1278d5aacdf0,p,+15512822097,ENABLED,2023-09-27 07:25:16.979000,2023-09-27 07:25:16.979000,True,i6t1bu6oGb0kyToL0XnPwA==@authProfile.600309-admin.India/652,i6t1bu6oGb0kyToL0XnPwA==@authProfile.600309-admin.India/652,1695799892000,"""null""",1695799517008,
4e2ea93a-3bd9-4423-b1c7-c0e7694d5078,140793,c82085cd-376e-4d6b-9a8a-0b60bb216503,aadhaar,SI1tl73923t,ENABLED,2023-10-16 06:13:42.201000,2023-10-16 06:13:42.201000,True,35hWwq0EJyHpQpR8A50C-g==@authProfile.rbl-admin.in/29,35hWwq0EJyHpQpR8A50C-g==@authProfile.rbl-admin.in/29,1697437175000,"""null""",1697436822478,
fbc3cfdb-3938-418e-8714-890c64339c3d,600309,ff17a607-b917-49db-8527-6a069405b48f,p,+19222731879,ENABLED,2023-10-16 13:25:24.351000,2023-10-16 13:25:24.351000,True,i6t1bu6oGb0kyToL0XnPwA==@authProfile.600309-admin.India/740,i6t1bu6oGb0kyToL0XnPwA==@authProfile.600309-admin.India/740,1697463122000,"""null""",1697462724368,
