accrual_history_id,accural_date,coa_id,cycle_id,ledger_id,period_id,policy_url,status,policy_uri,tenant_id,request_id,transaction_status,created_at,updated_at,id,transaction_id,retry_request_id,start_date,end_date,_load_ts_ms,cdc_source_ts_ms,accrual_result,interest_accrual_parameters,cdc_op
895,2021-09-21 05:30:00,5178922396704582785,4683349824565188006,1510343028001678588,2558665958027126709,,ACTIVE,policy://tenants/172097/policySpecifications/c158f554-9464-46f9-bfb6-1502b2d5e0fb/policies/New_INTERESTPOLICY-827329,172097,,,1970-01-01 00:00:00,2022-02-09 12:42:55.396000,000d874f-8b03-45c2-a333-29f6843e0ed5,,,,,1687935914000,1687714837760,"{""bookTime"":1632182400000,""decision"":""accrue-interest"",""valueTime"":1632182400000,""voucherCode"":""INTEREST_ACCURAL_TEST_1"",""userLedgerID"":1510343028001678588,""accrualResult"":{""interestComponents"":[{""name"":""RETAILBILLEDINT"",""breakUp"":[{""toDate"":""2021-09-21"",""balance"":0.0,""fromDate"":""2021-09-20"",""daysInYear"":365,""applicableRate"":0.0,""computedInterest"":0.0}],""category"":""RetailBilled"",""totalComputedInterest"":0,""currentAccruedInterest"":0,""accrualInterestCategory"":""accruedInterestRetailBilled"",""previousAccruedInterestTillDate"":0},{""name"":""RETAILUNBILLEDINT"",""breakUp"":[{""toDate"":""2021-09-20"",""balance"":2873.0,""rateUri"":""/tenants/172097/rateSpecificationCodes/ECOMINTERESTSILVERCARD?version=1"",""fromDate"":""2021-09-20"",""daysInYear"":365,""applicableRate"":38.0,""computedInterest"":2.991068493150685},{""toDate"":""2021-09-21"",""balance"":4873.0,""rateUri"":""/tenants/172097/rateSpecificationCodes/ECOMINTERESTSILVERCARD?version=1"",""fromDate"":""2021-09-21"",""daysInYear"":365,""applicableRate"":38.0,""computedInterest"":5.073260273972603}],""category"":""RetailUnbilled"",""totalComputedInterest"":8,""currentAccruedInterest"":8,""accrualInterestCategory"":""accruedInterestRetailUnbilled"",""previousAccruedInterestTillDate"":0},{""name"":""CASHBILLEDINT"",""breakUp"":[{""toDate"":""2021-09-21"",""balance"":0.0,""fromDate"":""2021-09-20"",""daysInYear"":365,""applicableRate"":0.0,""computedInterest"":0.0}],""category"":""CashBilled"",""totalComputedInterest"":0,""currentAccruedInterest"":0,""accrualInterestCategory"":""accruedInterestCashBilled"",""previousAccruedInterestTillDate"":0},{""name"":""CASHUNBILLEDINT"",""breakUp"":[{""toDate"":""2021-09-20"",""balance"":3223.0,""rateUri"":""/tenants/172097/rateSpecificationCodes/CASHINTERESTSILVERCARD?version=1"",""fromDate"":""2021-09-20"",""daysInYear"":365,""applicableRate"":45.0,""computedInterest"":3.9735616438356165},{""toDate"":""2021-09-21"",""balance"":5573.0,""rateUri"":""/tenants/172097/rateSpecificationCodes/CASHINTERESTSILVERCARD?version=1"",""fromDate"":""2021-09-21"",""daysInYear"":365,""applicableRate"":45.0,""computedInterest"":6.870821917808219}],""category"":""CashUnbilled"",""totalComputedInterest"":11,""currentAccruedInterest"":11,""accrualInterestCategory"":""accruedInterestCashUnbilled"",""previousAccruedInterestTillDate"":0}]},""transactionTime"":1632182400000}","{""accrualCycle"":""4683349824565188006"",""dontAssessFlag"":false}",
545,2021-01-01 05:30:00,7916523392354479274,8914724724014530321,4581082312758926405,5283483267909411779,,ACTIVE,policy://tenants/172097/policySpecifications/c158f554-9464-46f9-bfb6-1502b2d5e0fb/policies/INTERESTPOLICYSILVERCARD,172097,,,1970-01-01 00:00:00,2022-02-09 12:42:55.396000,0022f001-fdcb-48bb-adb4-e656092995d3,,,,,1687935914000,1687714837760,"{""bookTime"":1609459200000,""decision"":""accrue-interest"",""valueTime"":1609459200000,""voucherCode"":""INTEREST_ACCURAL_TEST_1"",""userLedgerID"":4581082312758926405,""accrualResult"":{""interestComponents"":[{""name"":""RETAILBILLEDINT"",""breakUp"":[{""toDate"":""2021-01-01"",""balance"":0.0,""fromDate"":""2021-01-01"",""daysInYear"":365,""applicableRate"":0.0,""computedInterest"":0.0}],""category"":""RetailBilled"",""totalComputedInterest"":0,""currentAccruedInterest"":0,""accrualInterestCategory"":""accruedInterestRetailBilled"",""previousAccruedInterestTillDate"":0},{""name"":""RETAILUNBILLEDINT"",""breakUp"":[{""toDate"":""2021-01-01"",""balance"":2999.0,""rateUri"":""/tenants/172097/rateSpecificationCodes/ECOMINTERESTSILVERCARD?version=1"",""fromDate"":""2021-01-01"",""daysInYear"":365,""applicableRate"":38.0,""computedInterest"":3.1222465753424657}],""category"":""RetailUnbilled"",""totalComputedInterest"":3,""currentAccruedInterest"":3,""accrualInterestCategory"":""accruedInterestRetailUnbilled"",""previousAccruedInterestTillDate"":0},{""name"":""CASHBILLEDINT"",""breakUp"":[{""toDate"":""2021-01-01"",""balance"":0.0,""fromDate"":""2021-01-01"",""daysInYear"":365,""applicableRate"":0.0,""computedInterest"":0.0}],""category"":""CashBilled"",""totalComputedInterest"":0,""currentAccruedInterest"":0,""accrualInterestCategory"":""accruedInterestCashBilled"",""previousAccruedInterestTillDate"":0},{""name"":""CASHUNBILLEDINT"",""breakUp"":[{""toDate"":""2021-01-01"",""balance"":1000.0,""rateUri"":""/tenants/172097/rateSpecificationCodes/CASHINTERESTSILVERCARD?version=1"",""fromDate"":""2021-01-01"",""daysInYear"":365,""applicableRate"":45.0,""computedInterest"":1.2328767123287672}],""category"":""CashUnbilled"",""totalComputedInterest"":1,""currentAccruedInterest"":1,""accrualInterestCategory"":""accruedInterestCashUnbilled"",""previousAccruedInterestTillDate"":0}]},""transactionTime"":1609459200000}","{""accrualCycle"":""8914724724014530321"",""dontAssessFlag"":false}",
204,2019-03-05 05:30:00,7916523392354479274,1812797298467514133,1819160384193112939,7527103962408097082,,ACTIVE,policy://tenants/172097/policySpecifications/c158f554-9464-46f9-bfb6-1502b2d5e0fb/policies/INTERESTPOLICYSILVERCARD11,172097,,,1970-01-01 00:00:00,2022-02-09 12:42:55.396000,002c7875-0f0c-4e05-9826-27180ca307f7,,,,,1687935914000,1687714837760,"{""bookTime"":1551744000000,""decision"":""accrue-interest"",""valueTime"":1551744000000,""voucherCode"":""INTEREST_ACCURAL_TEST_1"",""userLedgerID"":1819160384193112939,""accrualResult"":{""interestComponents"":[{""name"":""RETAILBILLEDINT"",""breakUp"":[{""toDate"":""2019-03-05"",""balance"":0.0,""fromDate"":""2019-03-01"",""daysInYear"":365,""applicableRate"":0.0,""computedInterest"":0.0}],""category"":""RetailBilled"",""totalComputedInterest"":0,""currentAccruedInterest"":0,""accrualInterestCategory"":""accruedInterestRetailBilled"",""previousAccruedInterestTillDate"":0},{""name"":""RETAILUNBILLEDINT"",""breakUp"":[{""toDate"":""2019-03-04"",""balance"":0.0,""fromDate"":""2019-03-01"",""daysInYear"":365,""applicableRate"":0.0,""computedInterest"":0.0},{""toDate"":""2019-03-05"",""balance"":4837.0,""rateUri"":""/tenants/172097/rateSpecificationCodes/ECOMINTERESTSILVERCARD?version=1"",""fromDate"":""2019-03-05"",""daysInYear"":365,""applicableRate"":38.0,""computedInterest"":5.035780821917808}],""category"":""RetailUnbilled"",""totalComputedInterest"":5,""currentAccruedInterest"":5,""accrualInterestCategory"":""accruedInterestRetailUnbilled"",""previousAccruedInterestTillDate"":0},{""name"":""CASHBILLEDINT"",""breakUp"":[{""toDate"":""2019-03-05"",""balance"":0.0,""fromDate"":""2019-03-01"",""daysInYear"":365,""applicableRate"":0.0,""computedInterest"":0.0}],""category"":""CashBilled"",""totalComputedInterest"":0,""currentAccruedInterest"":0,""accrualInterestCategory"":""accruedInterestCashBilled"",""previousAccruedInterestTillDate"":0},{""name"":""CASHUNBILLEDINT"",""breakUp"":[{""toDate"":""2019-03-04"",""balance"":0.0,""fromDate"":""2019-03-01"",""daysInYear"":365,""applicableRate"":0.0,""computedInterest"":0.0},{""toDate"":""2019-03-05"",""balance"":3549.0,""rateUri"":""/tenants/172097/rateSpecificationCodes/CASHINTERESTSILVERCARD?version=1"",""fromDate"":""2019-03-05"",""daysInYear"":365,""applicableRate"":45.0,""computedInterest"":4.375479452054795}],""category"":""CashUnbilled"",""totalComputedInterest"":4,""currentAccruedInterest"":4,""accrualInterestCategory"":""accruedInterestCashUnbilled"",""previousAccruedInterestTillDate"":0}]},""transactionTime"":1551744000000}","{""accrualCycle"":""1812797298467514133"",""dontAssessFlag"":false}",
2852,2021-10-20 21:30:00,657251734713499183,8878645290648336192,3716271445846647393,8079682004218319858,,ACTIVE,policy://tenants/172097/policySpecifications/c158f554-9464-46f9-bfb6-1502b2d5e0fb/policies/INFINIA_INTERESTPOLICY-511684,172097,,,1970-01-01 00:00:00,2022-02-09 12:42:55.396000,002e4ce6-34da-4ae6-bb2b-8249bc040969,,,,,1687935914000,1687714837760,"{""bookTime"":1634745600000,""decision"":""accrue-interest"",""valueTime"":1634745600000,""voucherCode"":""INTEREST_ACCURAL_TEST_1"",""userLedgerID"":3716271445846647393,""accrualResult"":{""interestComponents"":[{""name"":""RETAILBILLEDINT"",""breakUp"":[{""toDate"":""2021-10-21"",""balance"":0.0,""rateUri"":""/tenants/172097/rateSpecificationCodes/ECOMINTERESTSILVERCARD?version=2"",""fromDate"":""2021-10-15"",""daysInYear"":6,""applicableRate"":0.0,""computedInterest"":0}],""category"":""RetailBilled"",""totalComputedInterest"":0,""currentAccruedInterest"":0,""accrualInterestCategory"":""accruedInterestRetailBilled"",""previousAccruedInterestTillDate"":0},{""name"":""RETAILUNBILLEDINT"",""breakUp"":[{""toDate"":""2021-10-19"",""balance"":0.0,""rateUri"":""/tenants/172097/rateSpecificationCodes/ECOMINTERESTSILVERCARD?version=2"",""fromDate"":""2021-10-15"",""daysInYear"":4,""applicableRate"":0.0,""computedInterest"":0},{""toDate"":""2021-10-21"",""balance"":100.0,""rateUri"":""/tenants/172097/rateSpecificationCodes/ECOMINTERESTSILVERCARD?version=2"",""fromDate"":""2021-10-19"",""daysInYear"":2,""applicableRate"":38.0,""computedInterest"":2.0821917808219e-1}],""category"":""RetailUnbilled"",""totalComputedInterest"":0,""currentAccruedInterest"":0,""accrualInterestCategory"":""accruedInterestRetailUnbilled"",""previousAccruedInterestTillDate"":0},{""name"":""CASHBILLEDINT"",""breakUp"":[{""toDate"":""2021-10-21"",""balance"":0.0,""rateUri"":""/tenants/172097/rateSpecificationCodes/CASHINTERESTSILVERCARD?version=5"",""fromDate"":""2021-10-15"",""daysInYear"":6,""applicableRate"":0.0,""computedInterest"":0}],""category"":""CashBilled"",""totalComputedInterest"":0,""currentAccruedInterest"":0,""accrualInterestCategory"":""accruedInterestCashBilled"",""previousAccruedInterestTillDate"":0},{""name"":""CASHUNBILLEDINT"",""breakUp"":[{""toDate"":""2021-10-18"",""balance"":0.0,""rateUri"":""/tenants/172097/rateSpecificationCodes/CASHINTERESTSILVERCARD?version=5"",""fromDate"":""2021-10-15"",""daysInYear"":3,""applicableRate"":0.0,""computedInterest"":0},{""toDate"":""2021-10-21"",""balance"":450.0,""rateUri"":""/tenants/172097/rateSpecificationCodes/CASHINTERESTSILVERCARD?version=5"",""fromDate"":""2021-10-18"",""daysInYear"":3,""applicableRate"":42.0,""computedInterest"":1.55342465753425e+0}],""category"":""CashUnbilled"",""totalComputedInterest"":2,""currentAccruedInterest"":1,""accrualInterestCategory"":""accruedInterestCashUnbilled"",""previousAccruedInterestTillDate"":1}]},""transactionTime"":1634745600000}","{""accrualCycle"":""8878645290648336192"",""dontAssessFlag"":false}",
4989,2021-10-06 23:59:50,4438356687707772178,3384621339975359563,5123894962619238604,6531643373531809608,,ACTIVE,policy://tenants/140793/policySpecifications/b560ff81-fcb1-4150-98ec-d9a6a5539e04/policies/INFINIA_INTERESTPOLICY-441215,140793,,,1970-01-01 00:00:00,2022-02-09 12:42:55.396000,00137cc8-ad8a-4cd4-b49a-f682247b3eef,,,,,1687935914000,1687714837760,"{""bookTime"":1633544990000,""decision"":""accrue-interest"",""valueTime"":1633544990000,""voucherCode"":""INTEREST_ACCURAL_TEST_1"",""userLedgerID"":5123894962619238604,""accrualResult"":{""interestComponents"":[{""name"":""RETAILBILLEDINT"",""breakUp"":[{""toDate"":""2021-10-07"",""balance"":0.0,""rateUri"":""/tenants/140793/rateSpecificationCodes/ECOMINTERESTSILVERCARD_001?version=1"",""fromDate"":""2021-10-01"",""daysInYear"":6,""applicableRate"":0.0,""computedInterest"":0}],""category"":""RetailBilled"",""totalComputedInterest"":0,""currentAccruedInterest"":0,""accrualInterestCategory"":""accruedInterestRetailBilled"",""previousAccruedInterestTillDate"":0},{""name"":""RETAILUNBILLEDINT"",""breakUp"":[{""toDate"":""2021-10-03"",""balance"":7999.0,""rateUri"":""/tenants/140793/rateSpecificationCodes/ECOMINTERESTSILVERCARD_001?version=1"",""fromDate"":""2021-10-01"",""daysInYear"":2,""applicableRate"":35.0,""computedInterest"":1.53405479452055e+1},{""toDate"":""2021-10-05"",""balance"":11087.0,""rateUri"":""/tenants/140793/rateSpecificationCodes/ECOMINTERESTSILVERCARD_001?version=1"",""fromDate"":""2021-10-03"",""daysInYear"":2,""applicableRate"":38.0,""computedInterest"":2.30852602739726e+1},{""toDate"":""2021-10-07"",""balance"":262301.0,""rateUri"":""/tenants/140793/rateSpecificationCodes/ECOMINTERESTSILVERCARD_001?version=1"",""fromDate"":""2021-10-05"",""daysInYear"":2,""applicableRate"":38.0,""computedInterest"":5.4616098630137e+2}],""category"":""RetailUnbilled"",""totalComputedInterest"":585,""currentAccruedInterest"":277,""accrualInterestCategory"":""accruedInterestRetailUnbilled"",""previousAccruedInterestTillDate"":308},{""name"":""CASHBILLEDINT"",""breakUp"":[{""toDate"":""2021-10-07"",""balance"":0.0,""rateUri"":""/tenants/140793/rateSpecificationCodes/CASHINTERESTSILVERCARD_001?version=1"",""fromDate"":""2021-10-01"",""daysInYear"":6,""applicableRate"":0.0,""computedInterest"":0}],""category"":""CashBilled"",""totalComputedInterest"":0,""currentAccruedInterest"":0,""accrualInterestCategory"":""accruedInterestCashBilled"",""previousAccruedInterestTillDate"":0},{""name"":""CASHUNBILLEDINT"",""breakUp"":[{""toDate"":""2021-10-03"",""balance"":10350.0,""rateUri"":""/tenants/140793/rateSpecificationCodes/CASHINTERESTSILVERCARD_001?version=1"",""fromDate"":""2021-10-01"",""daysInYear"":2,""applicableRate"":45.0,""computedInterest"":2.55205479452055e+1},{""toDate"":""2021-10-06"",""balance"":11699.0,""rateUri"":""/tenants/140793/rateSpecificationCodes/CASHINTERESTSILVERCARD_001?version=1"",""fromDate"":""2021-10-03"",""daysInYear"":3,""applicableRate"":45.0,""computedInterest"":4.32702739726027e+1},{""toDate"":""2021-10-07"",""balance"":1699.0,""rateUri"":""/tenants/140793/rateSpecificationCodes/CASHINTERESTSILVERCARD_001?version=1"",""fromDate"":""2021-10-06"",""daysInYear"":1,""applicableRate"":42.0,""computedInterest"":1.95501369863014e+0}],""category"":""CashUnbilled"",""totalComputedInterest"":71,""currentAccruedInterest"":2,""accrualInterestCategory"":""accruedInterestCashUnbilled"",""previousAccruedInterestTillDate"":69}]},""transactionTime"":1633544990000}","{""accrualCycle"":""3384621339975359563"",""dontAssessFlag"":false}",
396,2021-01-01 05:30:00,7916523392354479274,8914724724014530321,4911578326531869101,5283483267909411779,,ACTIVE,policy://tenants/172097/policySpecifications/c158f554-9464-46f9-bfb6-1502b2d5e0fb/policies/INTERESTPOLICYSILVERCARD11,172097,,,1970-01-01 00:00:00,2022-02-09 12:42:55.396000,001bf968-bf41-418b-8839-caced29c7de6,,,,,1687935914000,1687714837760,"{""bookTime"":1609459200000,""decision"":""accrue-interest"",""valueTime"":1609459200000,""voucherCode"":""INTEREST_ACCURAL_TEST_1"",""userLedgerID"":4911578326531869101,""accrualResult"":{""interestComponents"":[{""name"":""RETAILBILLEDINT"",""breakUp"":[{""toDate"":""2021-01-01"",""balance"":0.0,""fromDate"":""2021-01-01"",""daysInYear"":365,""applicableRate"":0.0,""computedInterest"":0.0}],""category"":""RetailBilled"",""totalComputedInterest"":0,""currentAccruedInterest"":0,""accrualInterestCategory"":""accruedInterestRetailBilled"",""previousAccruedInterestTillDate"":0},{""name"":""RETAILUNBILLEDINT"",""breakUp"":[{""toDate"":""2021-01-01"",""balance"":0.0,""fromDate"":""2021-01-01"",""daysInYear"":365,""applicableRate"":0.0,""computedInterest"":0.0}],""category"":""RetailUnbilled"",""totalComputedInterest"":0,""currentAccruedInterest"":0,""accrualInterestCategory"":""accruedInterestRetailUnbilled"",""previousAccruedInterestTillDate"":0},{""name"":""CASHBILLEDINT"",""breakUp"":[{""toDate"":""2021-01-01"",""balance"":0.0,""fromDate"":""2021-01-01"",""daysInYear"":365,""applicableRate"":0.0,""computedInterest"":0.0}],""category"":""CashBilled"",""totalComputedInterest"":0,""currentAccruedInterest"":0,""accrualInterestCategory"":""accruedInterestCashBilled"",""previousAccruedInterestTillDate"":0},{""name"":""CASHUNBILLEDINT"",""breakUp"":[{""toDate"":""2021-01-01"",""balance"":0.0,""fromDate"":""2021-01-01"",""daysInYear"":365,""applicableRate"":0.0,""computedInterest"":0.0}],""category"":""CashUnbilled"",""totalComputedInterest"":0,""currentAccruedInterest"":0,""accrualInterestCategory"":""accruedInterestCashUnbilled"",""previousAccruedInterestTillDate"":0}]},""transactionTime"":1609459200000}","{""accrualCycle"":""8914724724014530321"",""dontAssessFlag"":false}",
790,2021-09-20 05:30:00,5178922396704582785,4683349824565188006,5323955150409615426,2558665958027126709,,ACTIVE,policy://tenants/172097/policySpecifications/c158f554-9464-46f9-bfb6-1502b2d5e0fb/policies/New_INTERESTPOLICY-827329,172097,,,1970-01-01 00:00:00,2022-02-09 12:42:55.396000,002c546d-8f14-4a13-8da0-b12e4dbaa2d7,,,,,1687935914000,1687714837760,"{""bookTime"":1632096000000,""decision"":""accrue-interest"",""valueTime"":1632096000000,""voucherCode"":""INTEREST_ACCURAL_TEST_1"",""userLedgerID"":5323955150409615426,""accrualResult"":{""interestComponents"":[{""name"":""RETAILBILLEDINT"",""breakUp"":[{""toDate"":""2021-09-20"",""balance"":0.0,""fromDate"":""2021-09-20"",""daysInYear"":365,""applicableRate"":0.0,""computedInterest"":0.0}],""category"":""RetailBilled"",""totalComputedInterest"":0,""currentAccruedInterest"":0,""accrualInterestCategory"":""accruedInterestRetailBilled"",""previousAccruedInterestTillDate"":0},{""name"":""RETAILUNBILLEDINT"",""breakUp"":[{""toDate"":""2021-09-20"",""balance"":2776.0,""rateUri"":""/tenants/172097/rateSpecificationCodes/ECOMINTERESTSILVERCARD?version=1"",""fromDate"":""2021-09-20"",""daysInYear"":365,""applicableRate"":38.0,""computedInterest"":2.890082191780822}],""category"":""RetailUnbilled"",""totalComputedInterest"":3,""currentAccruedInterest"":3,""accrualInterestCategory"":""accruedInterestRetailUnbilled"",""previousAccruedInterestTillDate"":0},{""name"":""CASHBILLEDINT"",""breakUp"":[{""toDate"":""2021-09-20"",""balance"":0.0,""fromDate"":""2021-09-20"",""daysInYear"":365,""applicableRate"":0.0,""computedInterest"":0.0}],""category"":""CashBilled"",""totalComputedInterest"":0,""currentAccruedInterest"":0,""accrualInterestCategory"":""accruedInterestCashBilled"",""previousAccruedInterestTillDate"":0},{""name"":""CASHUNBILLEDINT"",""breakUp"":[{""toDate"":""2021-09-20"",""balance"":3126.0,""rateUri"":""/tenants/172097/rateSpecificationCodes/CASHINTERESTSILVERCARD?version=1"",""fromDate"":""2021-09-20"",""daysInYear"":365,""applicableRate"":45.0,""computedInterest"":3.853972602739726}],""category"":""CashUnbilled"",""totalComputedInterest"":4,""currentAccruedInterest"":4,""accrualInterestCategory"":""accruedInterestCashUnbilled"",""previousAccruedInterestTillDate"":0}]},""transactionTime"":1632096000000}","{""accrualCycle"":""4683349824565188006"",""dontAssessFlag"":false}",
1363,2021-09-24 05:30:00,5178922396704582785,4683349824565188006,8684933346554512213,2558665958027126709,,ACTIVE,policy://tenants/172097/policySpecifications/c158f554-9464-46f9-bfb6-1502b2d5e0fb/policies/New_INTERESTPOLICY-827329,172097,,,1970-01-01 00:00:00,2022-02-09 12:42:55.396000,00376e64-f20c-46c2-9ad7-ab737f7a2257,,,,,1687935914000,1687714837760,"{""bookTime"":1632441600000,""decision"":""accrue-interest"",""valueTime"":1632441600000,""voucherCode"":""INTEREST_ACCURAL_TEST_1"",""userLedgerID"":8684933346554512213,""accrualResult"":{""interestComponents"":[{""name"":""RETAILBILLEDINT"",""breakUp"":[{""toDate"":""2021-09-24"",""balance"":0.0,""fromDate"":""2021-09-20"",""daysInYear"":365,""applicableRate"":0.0,""computedInterest"":0.0}],""category"":""RetailBilled"",""totalComputedInterest"":0,""currentAccruedInterest"":0,""accrualInterestCategory"":""accruedInterestRetailBilled"",""previousAccruedInterestTillDate"":0},{""name"":""RETAILUNBILLEDINT"",""breakUp"":[{""toDate"":""2021-09-20"",""balance"":1270.0,""rateUri"":""/tenants/172097/rateSpecificationCodes/ECOMINTERESTSILVERCARD?version=1"",""fromDate"":""2021-09-20"",""daysInYear"":365,""applicableRate"":38.0,""computedInterest"":1.322191780821918},{""toDate"":""2021-09-24"",""balance"":3270.0,""rateUri"":""/tenants/172097/rateSpecificationCodes/ECOMINTERESTSILVERCARD?version=1"",""fromDate"":""2021-09-21"",""daysInYear"":365,""applicableRate"":38.0,""computedInterest"":13.617534246575342}],""category"":""RetailUnbilled"",""totalComputedInterest"":15,""currentAccruedInterest"":15,""accrualInterestCategory"":""accruedInterestRetailUnbilled"",""previousAccruedInterestTillDate"":0},{""name"":""CASHBILLEDINT"",""breakUp"":[{""toDate"":""2021-09-24"",""balance"":0.0,""fromDate"":""2021-09-20"",""daysInYear"":365,""applicableRate"":0.0,""computedInterest"":0.0}],""category"":""CashBilled"",""totalComputedInterest"":0,""currentAccruedInterest"":0,""accrualInterestCategory"":""accruedInterestCashBilled"",""previousAccruedInterestTillDate"":0},{""name"":""CASHUNBILLEDINT"",""breakUp"":[{""toDate"":""2021-09-20"",""balance"":1620.0,""rateUri"":""/tenants/172097/rateSpecificationCodes/CASHINTERESTSILVERCARD?version=1"",""fromDate"":""2021-09-20"",""daysInYear"":365,""applicableRate"":45.0,""computedInterest"":1.9972602739726026},{""toDate"":""2021-09-24"",""balance"":3970.0,""rateUri"":""/tenants/172097/rateSpecificationCodes/CASHINTERESTSILVERCARD?version=1"",""fromDate"":""2021-09-21"",""daysInYear"":365,""applicableRate"":45.0,""computedInterest"":19.578082191780823}],""category"":""CashUnbilled"",""totalComputedInterest"":22,""currentAccruedInterest"":22,""accrualInterestCategory"":""accruedInterestCashUnbilled"",""previousAccruedInterestTillDate"":0}]},""transactionTime"":1632441600000}","{""accrualCycle"":""4683349824565188006"",""dontAssessFlag"":false}",
516,2021-01-01 05:30:00,7916523392354479274,8914724724014530321,9198934736958273485,5283483267909411779,,ACTIVE,policy://tenants/172097/policySpecifications/c158f554-9464-46f9-bfb6-1502b2d5e0fb/policies/INTERESTPOLICYSILVERCARD,172097,,,1970-01-01 00:00:00,2022-02-09 12:42:55.396000,003d0cf6-c74e-4cff-9f13-cb3ed7d0d0d1,,,,,1687935914000,1687714837760,"{""bookTime"":1609459200000,""decision"":""accrue-interest"",""valueTime"":1609459200000,""voucherCode"":""INTEREST_ACCURAL_TEST_1"",""userLedgerID"":9198934736958273485,""accrualResult"":{""interestComponents"":[{""name"":""RETAILBILLEDINT"",""breakUp"":[{""toDate"":""2021-01-01"",""balance"":0.0,""fromDate"":""2021-01-01"",""daysInYear"":365,""applicableRate"":0.0,""computedInterest"":0.0}],""category"":""RetailBilled"",""totalComputedInterest"":0,""currentAccruedInterest"":0,""accrualInterestCategory"":""accruedInterestRetailBilled"",""previousAccruedInterestTillDate"":0},{""name"":""RETAILUNBILLEDINT"",""breakUp"":[{""toDate"":""2021-01-01"",""balance"":2999.0,""rateUri"":""/tenants/172097/rateSpecificationCodes/ECOMINTERESTSILVERCARD?version=1"",""fromDate"":""2021-01-01"",""daysInYear"":365,""applicableRate"":38.0,""computedInterest"":3.1222465753424657}],""category"":""RetailUnbilled"",""totalComputedInterest"":3,""currentAccruedInterest"":3,""accrualInterestCategory"":""accruedInterestRetailUnbilled"",""previousAccruedInterestTillDate"":0},{""name"":""CASHBILLEDINT"",""breakUp"":[{""toDate"":""2021-01-01"",""balance"":0.0,""fromDate"":""2021-01-01"",""daysInYear"":365,""applicableRate"":0.0,""computedInterest"":0.0}],""category"":""CashBilled"",""totalComputedInterest"":0,""currentAccruedInterest"":0,""accrualInterestCategory"":""accruedInterestCashBilled"",""previousAccruedInterestTillDate"":0},{""name"":""CASHUNBILLEDINT"",""breakUp"":[{""toDate"":""2021-01-01"",""balance"":1000.0,""rateUri"":""/tenants/172097/rateSpecificationCodes/CASHINTERESTSILVERCARD?version=1"",""fromDate"":""2021-01-01"",""daysInYear"":365,""applicableRate"":45.0,""computedInterest"":1.2328767123287672}],""category"":""CashUnbilled"",""totalComputedInterest"":1,""currentAccruedInterest"":1,""accrualInterestCategory"":""accruedInterestCashUnbilled"",""previousAccruedInterestTillDate"":0}]},""transactionTime"":1609459200000}","{""accrualCycle"":""8914724724014530321"",""dontAssessFlag"":false}",
3722,2021-10-03 23:59:50,4438356687707772178,3384621339975359563,8711953942112859283,6531643373531809608,,ACTIVE,policy://tenants/140793/policySpecifications/b560ff81-fcb1-4150-98ec-d9a6a5539e04/policies/INFINIA_INTERESTPOLICY-441215,140793,,,1970-01-01 00:00:00,2022-02-09 12:42:55.396000,00c26e14-c824-4c8a-b2ba-c2ade9e0cd82,,,,,1687935914000,1687714837762,"{""bookTime"":1633285790000,""decision"":""accrue-interest"",""valueTime"":1633285790000,""voucherCode"":""INTEREST_ACCURAL_TEST_1"",""userLedgerID"":8711953942112859283,""accrualResult"":{""interestComponents"":[{""name"":""RETAILBILLEDINT"",""breakUp"":[{""toDate"":""2021-10-04"",""balance"":0.0,""rateUri"":""/tenants/140793/rateSpecificationCodes/ECOMINTERESTSILVERCARD_001?version=1"",""fromDate"":""2021-10-01"",""daysInYear"":3,""applicableRate"":0.0,""computedInterest"":0}],""category"":""RetailBilled"",""totalComputedInterest"":0,""currentAccruedInterest"":0,""accrualInterestCategory"":""accruedInterestRetailBilled"",""previousAccruedInterestTillDate"":0},{""name"":""RETAILUNBILLEDINT"",""breakUp"":[{""toDate"":""2021-10-03"",""balance"":7999.0,""rateUri"":""/tenants/140793/rateSpecificationCodes/ECOMINTERESTSILVERCARD_001?version=1"",""fromDate"":""2021-10-01"",""daysInYear"":2,""applicableRate"":35.0,""computedInterest"":1.53405479452055e+1},{""toDate"":""2021-10-04"",""balance"":10087.0,""rateUri"":""/tenants/140793/rateSpecificationCodes/ECOMINTERESTSILVERCARD_001?version=1"",""fromDate"":""2021-10-03"",""daysInYear"":1,""applicableRate"":38.0,""computedInterest"":1.05015342465753e+1}],""category"":""RetailUnbilled"",""totalComputedInterest"":26,""currentAccruedInterest"":11,""accrualInterestCategory"":""accruedInterestRetailUnbilled"",""previousAccruedInterestTillDate"":15},{""name"":""CASHBILLEDINT"",""breakUp"":[{""toDate"":""2021-10-04"",""balance"":0.0,""rateUri"":""/tenants/140793/rateSpecificationCodes/CASHINTERESTSILVERCARD_001?version=1"",""fromDate"":""2021-10-01"",""daysInYear"":3,""applicableRate"":0.0,""computedInterest"":0}],""category"":""CashBilled"",""totalComputedInterest"":0,""currentAccruedInterest"":0,""accrualInterestCategory"":""accruedInterestCashBilled"",""previousAccruedInterestTillDate"":0},{""name"":""CASHUNBILLEDINT"",""breakUp"":[{""toDate"":""2021-10-03"",""balance"":10500.0,""rateUri"":""/tenants/140793/rateSpecificationCodes/CASHINTERESTSILVERCARD_001?version=1"",""fromDate"":""2021-10-01"",""daysInYear"":2,""applicableRate"":45.0,""computedInterest"":2.58904109589041e+1},{""toDate"":""2021-10-04"",""balance"":11999.0,""rateUri"":""/tenants/140793/rateSpecificationCodes/CASHINTERESTSILVERCARD_001?version=1"",""fromDate"":""2021-10-03"",""daysInYear"":1,""applicableRate"":45.0,""computedInterest"":1.47932876712329e+1}],""category"":""CashUnbilled"",""totalComputedInterest"":41,""currentAccruedInterest"":15,""accrualInterestCategory"":""accruedInterestCashUnbilled"",""previousAccruedInterestTillDate"":26}]},""transactionTime"":1633285790000}","{""accrualCycle"":""3384621339975359563"",""dontAssessFlag"":false}",
2508,2021-10-07 23:45:07,657251734713499183,8878645290648336192,158665003207409191,1476856508246323770,,ACTIVE,policy://tenants/172097/policySpecifications/c158f554-9464-46f9-bfb6-1502b2d5e0fb/policies/INFINIA_INTERESTPOLICY-511684,172097,,,1970-01-01 00:00:00,2022-02-09 12:42:55.396000,00d8b42c-ebc4-42f5-bce3-81fce02ebddc,,,,,1687935914000,1687714837762,"{""bookTime"":1633630507000,""decision"":""accrue-interest"",""valueTime"":1633630507000,""voucherCode"":""INTEREST_ACCURAL_TEST_1"",""userLedgerID"":158665003207409191,""accrualResult"":{""interestComponents"":[{""name"":""RETAILBILLEDINT"",""breakUp"":[{""toDate"":""2021-10-08"",""balance"":0.0,""rateUri"":""/tenants/172097/rateSpecificationCodes/ECOMINTERESTSILVERCARD?version=2"",""fromDate"":""2021-10-01"",""daysInYear"":7,""applicableRate"":0.0,""computedInterest"":0}],""category"":""RetailBilled"",""totalComputedInterest"":0,""currentAccruedInterest"":0,""accrualInterestCategory"":""accruedInterestRetailBilled"",""previousAccruedInterestTillDate"":0},{""name"":""RETAILUNBILLEDINT"",""breakUp"":[{""toDate"":""2021-10-08"",""balance"":0.0,""rateUri"":""/tenants/172097/rateSpecificationCodes/ECOMINTERESTSILVERCARD?version=2"",""fromDate"":""2021-10-01"",""daysInYear"":7,""applicableRate"":0.0,""computedInterest"":0}],""category"":""RetailUnbilled"",""totalComputedInterest"":0,""currentAccruedInterest"":0,""accrualInterestCategory"":""accruedInterestRetailUnbilled"",""previousAccruedInterestTillDate"":0},{""name"":""CASHBILLEDINT"",""breakUp"":[{""toDate"":""2021-10-08"",""balance"":0.0,""rateUri"":""/tenants/172097/rateSpecificationCodes/CASHINTERESTSILVERCARD?version=5"",""fromDate"":""2021-10-01"",""daysInYear"":7,""applicableRate"":0.0,""computedInterest"":0}],""category"":""CashBilled"",""totalComputedInterest"":0,""currentAccruedInterest"":0,""accrualInterestCategory"":""accruedInterestCashBilled"",""previousAccruedInterestTillDate"":0},{""name"":""CASHUNBILLEDINT"",""breakUp"":[{""toDate"":""2021-10-07"",""balance"":0.0,""rateUri"":""/tenants/172097/rateSpecificationCodes/CASHINTERESTSILVERCARD?version=5"",""fromDate"":""2021-10-01"",""daysInYear"":6,""applicableRate"":0.0,""computedInterest"":0},{""toDate"":""2021-10-08"",""balance"":449.0,""rateUri"":""/tenants/172097/rateSpecificationCodes/CASHINTERESTSILVERCARD?version=5"",""fromDate"":""2021-10-07"",""daysInYear"":1,""applicableRate"":42.0,""computedInterest"":5.1665753424658e-1}],""category"":""CashUnbilled"",""totalComputedInterest"":1,""currentAccruedInterest"":0,""accrualInterestCategory"":""accruedInterestCashUnbilled"",""previousAccruedInterestTillDate"":1}]},""transactionTime"":1633630507000}","{""accrualCycle"":""8878645290648336192"",""dontAssessFlag"":false}",
4393,2021-10-03 23:59:50,4438356687707772178,3384621339975359563,5794577016626898239,6531643373531809608,,ACTIVE,policy://tenants/140793/policySpecifications/b560ff81-fcb1-4150-98ec-d9a6a5539e04/policies/INFINIA_INTERESTPOLICY-441215,140793,,,1970-01-01 00:00:00,2022-02-09 12:42:55.396000,003dd514-b6a1-456e-8dee-40c0d1c3384d,,,,,1687935914000,1687714837760,"{""bookTime"":1633285790000,""decision"":""accrue-interest"",""valueTime"":1633285790000,""voucherCode"":""INTEREST_ACCURAL_TEST_1"",""userLedgerID"":5794577016626898239,""accrualResult"":{""interestComponents"":[{""name"":""RETAILBILLEDINT"",""breakUp"":[{""toDate"":""2021-10-04"",""balance"":0.0,""rateUri"":""/tenants/140793/rateSpecificationCodes/ECOMINTERESTSILVERCARD_001?version=1"",""fromDate"":""2021-10-01"",""daysInYear"":3,""applicableRate"":0.0,""computedInterest"":0}],""category"":""RetailBilled"",""totalComputedInterest"":0,""currentAccruedInterest"":0,""accrualInterestCategory"":""accruedInterestRetailBilled"",""previousAccruedInterestTillDate"":0},{""name"":""RETAILUNBILLEDINT"",""breakUp"":[{""toDate"":""2021-10-03"",""balance"":7999.0,""rateUri"":""/tenants/140793/rateSpecificationCodes/ECOMINTERESTSILVERCARD_001?version=1"",""fromDate"":""2021-10-01"",""daysInYear"":2,""applicableRate"":35.0,""computedInterest"":1.53405479452055e+1},{""toDate"":""2021-10-04"",""balance"":10087.0,""rateUri"":""/tenants/140793/rateSpecificationCodes/ECOMINTERESTSILVERCARD_001?version=1"",""fromDate"":""2021-10-03"",""daysInYear"":1,""applicableRate"":38.0,""computedInterest"":1.05015342465753e+1}],""category"":""RetailUnbilled"",""totalComputedInterest"":26,""currentAccruedInterest"":11,""accrualInterestCategory"":""accruedInterestRetailUnbilled"",""previousAccruedInterestTillDate"":15},{""name"":""CASHBILLEDINT"",""breakUp"":[{""toDate"":""2021-10-04"",""balance"":0.0,""rateUri"":""/tenants/140793/rateSpecificationCodes/CASHINTERESTSILVERCARD_001?version=1"",""fromDate"":""2021-10-01"",""daysInYear"":3,""applicableRate"":0.0,""computedInterest"":0}],""category"":""CashBilled"",""totalComputedInterest"":0,""currentAccruedInterest"":0,""accrualInterestCategory"":""accruedInterestCashBilled"",""previousAccruedInterestTillDate"":0},{""name"":""CASHUNBILLEDINT"",""breakUp"":[{""toDate"":""2021-10-03"",""balance"":10350.0,""rateUri"":""/tenants/140793/rateSpecificationCodes/CASHINTERESTSILVERCARD_001?version=1"",""fromDate"":""2021-10-01"",""daysInYear"":2,""applicableRate"":45.0,""computedInterest"":2.55205479452055e+1},{""toDate"":""2021-10-04"",""balance"":11699.0,""rateUri"":""/tenants/140793/rateSpecificationCodes/CASHINTERESTSILVERCARD_001?version=1"",""fromDate"":""2021-10-03"",""daysInYear"":1,""applicableRate"":45.0,""computedInterest"":1.44234246575342e+1}],""category"":""CashUnbilled"",""totalComputedInterest"":40,""currentAccruedInterest"":14,""accrualInterestCategory"":""accruedInterestCashUnbilled"",""previousAccruedInterestTillDate"":26}]},""transactionTime"":1633285790000}","{""accrualCycle"":""3384621339975359563"",""dontAssessFlag"":false}",
1108,2021-09-22 05:30:00,5178922396704582785,4683349824565188006,8996438672581853995,2558665958027126709,,ACTIVE,policy://tenants/172097/policySpecifications/c158f554-9464-46f9-bfb6-1502b2d5e0fb/policies/New_INTERESTPOLICY-827329,172097,,,1970-01-01 00:00:00,2022-02-09 12:42:55.396000,007bdb17-a268-499f-854e-7c29c9b10acd,,,,,1687935914000,1687714837761,"{""bookTime"":1632268800000,""decision"":""accrue-interest"",""valueTime"":1632268800000,""voucherCode"":""INTEREST_ACCURAL_TEST_1"",""userLedgerID"":8996438672581853995,""accrualResult"":{""interestComponents"":[{""name"":""RETAILBILLEDINT"",""breakUp"":[{""toDate"":""2021-09-22"",""balance"":0.0,""fromDate"":""2021-09-20"",""daysInYear"":365,""applicableRate"":0.0,""computedInterest"":0.0}],""category"":""RetailBilled"",""totalComputedInterest"":0,""currentAccruedInterest"":0,""accrualInterestCategory"":""accruedInterestRetailBilled"",""previousAccruedInterestTillDate"":0},{""name"":""RETAILUNBILLEDINT"",""breakUp"":[{""toDate"":""2021-09-20"",""balance"":3377.0,""rateUri"":""/tenants/172097/rateSpecificationCodes/ECOMINTERESTSILVERCARD?version=1"",""fromDate"":""2021-09-20"",""daysInYear"":365,""applicableRate"":38.0,""computedInterest"":3.5157808219178084},{""toDate"":""2021-09-22"",""balance"":5377.0,""rateUri"":""/tenants/172097/rateSpecificationCodes/ECOMINTERESTSILVERCARD?version=1"",""fromDate"":""2021-09-21"",""daysInYear"":365,""applicableRate"":38.0,""computedInterest"":11.195945205479452}],""category"":""RetailUnbilled"",""totalComputedInterest"":15,""currentAccruedInterest"":15,""accrualInterestCategory"":""accruedInterestRetailUnbilled"",""previousAccruedInterestTillDate"":0},{""name"":""CASHBILLEDINT"",""breakUp"":[{""toDate"":""2021-09-22"",""balance"":0.0,""fromDate"":""2021-09-20"",""daysInYear"":365,""applicableRate"":0.0,""computedInterest"":0.0}],""category"":""CashBilled"",""totalComputedInterest"":0,""currentAccruedInterest"":0,""accrualInterestCategory"":""accruedInterestCashBilled"",""previousAccruedInterestTillDate"":0},{""name"":""CASHUNBILLEDINT"",""breakUp"":[{""toDate"":""2021-09-20"",""balance"":3727.0,""rateUri"":""/tenants/172097/rateSpecificationCodes/CASHINTERESTSILVERCARD?version=1"",""fromDate"":""2021-09-20"",""daysInYear"":365,""applicableRate"":45.0,""computedInterest"":4.594931506849315},{""toDate"":""2021-09-22"",""balance"":6077.0,""rateUri"":""/tenants/172097/rateSpecificationCodes/CASHINTERESTSILVERCARD?version=1"",""fromDate"":""2021-09-21"",""daysInYear"":365,""applicableRate"":45.0,""computedInterest"":14.984383561643835}],""category"":""CashUnbilled"",""totalComputedInterest"":20,""currentAccruedInterest"":20,""accrualInterestCategory"":""accruedInterestCashUnbilled"",""previousAccruedInterestTillDate"":0}]},""transactionTime"":1632268800000}","{""accrualCycle"":""4683349824565188006"",""dontAssessFlag"":false}",
3692,2021-10-02 23:59:50,4438356687707772178,3384621339975359563,782672365015854809,6531643373531809608,,ACTIVE,policy://tenants/140793/policySpecifications/b560ff81-fcb1-4150-98ec-d9a6a5539e04/policies/INFINIA_INTERESTPOLICY-441215,140793,,,1970-01-01 00:00:00,2022-02-09 12:42:55.396000,00a8712d-7ae5-4b60-884a-fc6806847dd8,,,,,1687935914000,1687714837762,"{""bookTime"":1633199390000,""decision"":""accrue-interest"",""valueTime"":1633199390000,""voucherCode"":""INTEREST_ACCURAL_TEST_1"",""userLedgerID"":782672365015854809,""accrualResult"":{""interestComponents"":[{""name"":""RETAILBILLEDINT"",""breakUp"":[{""toDate"":""2021-10-03"",""balance"":0.0,""rateUri"":""/tenants/140793/rateSpecificationCodes/ECOMINTERESTSILVERCARD_001?version=1"",""fromDate"":""2021-10-01"",""daysInYear"":2,""applicableRate"":0.0,""computedInterest"":0}],""category"":""RetailBilled"",""totalComputedInterest"":0,""currentAccruedInterest"":0,""accrualInterestCategory"":""accruedInterestRetailBilled"",""previousAccruedInterestTillDate"":0},{""name"":""RETAILUNBILLEDINT"",""breakUp"":[{""toDate"":""2021-10-03"",""balance"":7999.0,""rateUri"":""/tenants/140793/rateSpecificationCodes/ECOMINTERESTSILVERCARD_001?version=1"",""fromDate"":""2021-10-01"",""daysInYear"":2,""applicableRate"":35.0,""computedInterest"":1.53405479452055e+1}],""category"":""RetailUnbilled"",""totalComputedInterest"":15,""currentAccruedInterest"":7,""accrualInterestCategory"":""accruedInterestRetailUnbilled"",""previousAccruedInterestTillDate"":8},{""name"":""CASHBILLEDINT"",""breakUp"":[{""toDate"":""2021-10-03"",""balance"":0.0,""rateUri"":""/tenants/140793/rateSpecificationCodes/CASHINTERESTSILVERCARD_001?version=1"",""fromDate"":""2021-10-01"",""daysInYear"":2,""applicableRate"":0.0,""computedInterest"":0}],""category"":""CashBilled"",""totalComputedInterest"":0,""currentAccruedInterest"":0,""accrualInterestCategory"":""accruedInterestCashBilled"",""previousAccruedInterestTillDate"":0},{""name"":""CASHUNBILLEDINT"",""breakUp"":[{""toDate"":""2021-10-03"",""balance"":10500.0,""rateUri"":""/tenants/140793/rateSpecificationCodes/CASHINTERESTSILVERCARD_001?version=1"",""fromDate"":""2021-10-01"",""daysInYear"":2,""applicableRate"":45.0,""computedInterest"":2.58904109589041e+1}],""category"":""CashUnbilled"",""totalComputedInterest"":26,""currentAccruedInterest"":13,""accrualInterestCategory"":""accruedInterestCashUnbilled"",""previousAccruedInterestTillDate"":13}]},""transactionTime"":1633199390000}","{""accrualCycle"":""3384621339975359563"",""dontAssessFlag"":false}",
3791,2021-10-01 23:59:50,4438356687707772178,3384621339975359563,5773834323663766649,6531643373531809608,,ACTIVE,policy://tenants/140793/policySpecifications/b560ff81-fcb1-4150-98ec-d9a6a5539e04/policies/INFINIA_INTERESTPOLICY-441215,140793,,,1970-01-01 00:00:00,2022-02-09 12:42:55.396000,01095dc6-1093-4d2e-89ef-8cad5064d46b,,,,,1687935914000,1687714837763,"{""bookTime"":1633112990000,""decision"":""accrue-interest"",""valueTime"":1633112990000,""voucherCode"":""INTEREST_ACCURAL_TEST_1"",""userLedgerID"":5773834323663766649,""accrualResult"":{""interestComponents"":[{""name"":""RETAILBILLEDINT"",""breakUp"":[{""toDate"":""2021-10-02"",""balance"":0.0,""rateUri"":""/tenants/140793/rateSpecificationCodes/ECOMINTERESTSILVERCARD_001?version=1"",""fromDate"":""2021-10-01"",""daysInYear"":1,""applicableRate"":0.0,""computedInterest"":0}],""category"":""RetailBilled"",""totalComputedInterest"":0,""currentAccruedInterest"":0,""accrualInterestCategory"":""accruedInterestRetailBilled"",""previousAccruedInterestTillDate"":0},{""name"":""RETAILUNBILLEDINT"",""breakUp"":[{""toDate"":""2021-10-02"",""balance"":7999.0,""rateUri"":""/tenants/140793/rateSpecificationCodes/ECOMINTERESTSILVERCARD_001?version=1"",""fromDate"":""2021-10-01"",""daysInYear"":1,""applicableRate"":35.0,""computedInterest"":7.67027397260274e+0}],""category"":""RetailUnbilled"",""totalComputedInterest"":8,""currentAccruedInterest"":8,""accrualInterestCategory"":""accruedInterestRetailUnbilled"",""previousAccruedInterestTillDate"":0},{""name"":""CASHBILLEDINT"",""breakUp"":[{""toDate"":""2021-10-02"",""balance"":0.0,""rateUri"":""/tenants/140793/rateSpecificationCodes/CASHINTERESTSILVERCARD_001?version=1"",""fromDate"":""2021-10-01"",""daysInYear"":1,""applicableRate"":0.0,""computedInterest"":0}],""category"":""CashBilled"",""totalComputedInterest"":0,""currentAccruedInterest"":0,""accrualInterestCategory"":""accruedInterestCashBilled"",""previousAccruedInterestTillDate"":0},{""name"":""CASHUNBILLEDINT"",""breakUp"":[{""toDate"":""2021-10-02"",""balance"":10350.0,""rateUri"":""/tenants/140793/rateSpecificationCodes/CASHINTERESTSILVERCARD_001?version=1"",""fromDate"":""2021-10-01"",""daysInYear"":1,""applicableRate"":45.0,""computedInterest"":1.27602739726027e+1}],""category"":""CashUnbilled"",""totalComputedInterest"":13,""currentAccruedInterest"":13,""accrualInterestCategory"":""accruedInterestCashUnbilled"",""previousAccruedInterestTillDate"":0}]},""transactionTime"":1633112990000}","{""accrualCycle"":""3384621339975359563"",""dontAssessFlag"":false}",
2159,2021-08-26 11:29:55,1670706735183594041,3064541892431456879,6187196262188239429,3633891484646372253,,ACTIVE,policy://tenants/140793/policySpecifications/b560ff81-fcb1-4150-98ec-d9a6a5539e04/policies/POLIN002901,140793,,,1970-01-01 00:00:00,2022-02-09 12:42:55.396000,011ffbed-eeb5-4879-914d-f964da27ef2c,,,,,1687935914000,1687714837763,"{""bookTime"":1630002595000,""decision"":""accrue-interest"",""valueTime"":1630002595000,""voucherCode"":""INTEREST_ACCRUAL"",""userLedgerID"":6187196262188239429,""accrualResult"":{""interestComponents"":[{""name"":""CashUnbilled"",""breakUp"":[{""toDate"":""2021-08-27"",""balance"":0.0,""rateUri"":""/tenants/140793/rateSpecificationCodes/RT0001?version=1"",""fromDate"":""2021-08-01"",""daysInYear"":26,""applicableRate"":0.0,""computedInterest"":0},{""toDate"":""2021-08-28"",""balance"":4000.0,""rateUri"":""/tenants/140793/rateSpecificationCodes/RT0001?version=1"",""fromDate"":""2021-08-27"",""daysInYear"":1,""applicableRate"":24.99,""computedInterest"":2.7386301369863e+0},{""toDate"":""2021-08-27"",""balance"":17500.0,""rateUri"":""/tenants/140793/rateSpecificationCodes/RT0001?version=1"",""fromDate"":""2021-08-28"",""daysInYear"":-1,""applicableRate"":24.99,""computedInterest"":-1.19815068493151e+1}],""category"":""CashUnbilled"",""totalComputedInterest"":-9,""currentAccruedInterest"":12,""accrualInterestCategory"":""accruedInterestCashUnbilled"",""previousAccruedInterestTillDate"":-21},{""name"":""CashBilled"",""breakUp"":[{""toDate"":""2021-08-27"",""balance"":0.0,""rateUri"":""/tenants/140793/rateSpecificationCodes/RT0001?version=1"",""fromDate"":""2021-08-01"",""daysInYear"":26,""applicableRate"":0.0,""computedInterest"":0}],""category"":""CashBilled"",""totalComputedInterest"":0,""currentAccruedInterest"":0,""accrualInterestCategory"":""accruedInterestCashBilled"",""previousAccruedInterestTillDate"":0},{""name"":""PurchaseUnbilled"",""breakUp"":[{""toDate"":""2021-08-02"",""balance"":1749.0,""rateUri"":""/tenants/140793/rateSpecificationCodes/RT0002?version=1"",""fromDate"":""2021-08-01"",""daysInYear"":1,""applicableRate"":15.49,""computedInterest"":7.4224684931507e-1},{""toDate"":""2021-08-07"",""balance"":2736.0,""rateUri"":""/tenants/140793/rateSpecificationCodes/RT0002?version=1"",""fromDate"":""2021-08-02"",""daysInYear"":5,""applicableRate"":15.49,""computedInterest"":5.80556712328767e+0},{""toDate"":""2021-08-27"",""balance"":3390.0,""rateUri"":""/tenants/140793/rateSpecificationCodes/RT0002?version=1"",""fromDate"":""2021-08-07"",""daysInYear"":20,""applicableRate"":15.49,""computedInterest"":2.87732054794521e+1}],""category"":""RetailUnbilled"",""totalComputedInterest"":35,""currentAccruedInterest"":1,""accrualInterestCategory"":""accruedInterestRetailUnbilled"",""previousAccruedInterestTillDate"":34},{""name"":""PurchaseBilled"",""breakUp"":[{""toDate"":""2021-08-27"",""balance"":0.0,""rateUri"":""/tenants/140793/rateSpecificationCodes/RT0002?version=1"",""fromDate"":""2021-08-01"",""daysInYear"":26,""applicableRate"":0.0,""computedInterest"":0}],""category"":""RetailBilled"",""totalComputedInterest"":0,""currentAccruedInterest"":0,""accrualInterestCategory"":""accruedInterestRetailBilled"",""previousAccruedInterestTillDate"":0}]},""transactionTime"":1630002595000}","{""accrualCycle"":""3064541892431456879"",""dontAssessFlag"":false}",
3993,2021-10-06 23:59:50,4438356687707772178,3384621339975359563,3764879134500417254,6531643373531809608,,ACTIVE,policy://tenants/140793/policySpecifications/b560ff81-fcb1-4150-98ec-d9a6a5539e04/policies/INFINIA_INTERESTPOLICY-441215,140793,,,1970-01-01 00:00:00,2022-02-09 12:42:55.396000,0136cbe3-1052-4bd6-a010-76781640e181,,,,,1687935914000,1687714837764,"{""bookTime"":1633544990000,""decision"":""accrue-interest"",""valueTime"":1633544990000,""voucherCode"":""INTEREST_ACCURAL_TEST_1"",""userLedgerID"":3764879134500417254,""accrualResult"":{""interestComponents"":[{""name"":""RETAILBILLEDINT"",""breakUp"":[{""toDate"":""2021-10-07"",""balance"":0.0,""rateUri"":""/tenants/140793/rateSpecificationCodes/ECOMINTERESTSILVERCARD_001?version=1"",""fromDate"":""2021-10-01"",""daysInYear"":6,""applicableRate"":0.0,""computedInterest"":0}],""category"":""RetailBilled"",""totalComputedInterest"":0,""currentAccruedInterest"":0,""accrualInterestCategory"":""accruedInterestRetailBilled"",""previousAccruedInterestTillDate"":0},{""name"":""RETAILUNBILLEDINT"",""breakUp"":[{""toDate"":""2021-10-03"",""balance"":7999.0,""rateUri"":""/tenants/140793/rateSpecificationCodes/ECOMINTERESTSILVERCARD_001?version=1"",""fromDate"":""2021-10-01"",""daysInYear"":2,""applicableRate"":35.0,""computedInterest"":1.53405479452055e+1},{""toDate"":""2021-10-05"",""balance"":11087.0,""rateUri"":""/tenants/140793/rateSpecificationCodes/ECOMINTERESTSILVERCARD_001?version=1"",""fromDate"":""2021-10-03"",""daysInYear"":2,""applicableRate"":38.0,""computedInterest"":2.30852602739726e+1},{""toDate"":""2021-10-07"",""balance"":262129.0,""rateUri"":""/tenants/140793/rateSpecificationCodes/ECOMINTERESTSILVERCARD_001?version=1"",""fromDate"":""2021-10-05"",""daysInYear"":2,""applicableRate"":38.0,""computedInterest"":5.45802849315068e+2}],""category"":""RetailUnbilled"",""totalComputedInterest"":584,""currentAccruedInterest"":276,""accrualInterestCategory"":""accruedInterestRetailUnbilled"",""previousAccruedInterestTillDate"":308},{""name"":""CASHBILLEDINT"",""breakUp"":[{""toDate"":""2021-10-07"",""balance"":0.0,""rateUri"":""/tenants/140793/rateSpecificationCodes/CASHINTERESTSILVERCARD_001?version=1"",""fromDate"":""2021-10-01"",""daysInYear"":6,""applicableRate"":0.0,""computedInterest"":0}],""category"":""CashBilled"",""totalComputedInterest"":0,""currentAccruedInterest"":0,""accrualInterestCategory"":""accruedInterestCashBilled"",""previousAccruedInterestTillDate"":0},{""name"":""CASHUNBILLEDINT"",""breakUp"":[{""toDate"":""2021-10-02"",""balance"":10350.0,""rateUri"":""/tenants/140793/rateSpecificationCodes/CASHINTERESTSILVERCARD_001?version=1"",""fromDate"":""2021-10-01"",""daysInYear"":1,""applicableRate"":45.0,""computedInterest"":1.27602739726027e+1},{""toDate"":""2021-10-03"",""balance"":350.0,""rateUri"":""/tenants/140793/rateSpecificationCodes/CASHINTERESTSILVERCARD_001?version=1"",""fromDate"":""2021-10-02"",""daysInYear"":1,""applicableRate"":42.0,""computedInterest"":4.027397260274e-1},{""toDate"":""2021-10-07"",""balance"":1699.0,""rateUri"":""/tenants/140793/rateSpecificationCodes/CASHINTERESTSILVERCARD_001?version=1"",""fromDate"":""2021-10-03"",""daysInYear"":4,""applicableRate"":42.0,""computedInterest"":7.8200547945205479452054794520547948138}],""category"":""CashUnbilled"",""totalComputedInterest"":21,""currentAccruedInterest"":-48,""accrualInterestCategory"":""accruedInterestCashUnbilled"",""previousAccruedInterestTillDate"":69}]},""transactionTime"":1633544990000}","{""accrualCycle"":""3384621339975359563"",""dontAssessFlag"":false}",
4786,2021-12-13 05:30:00,377906613482103531,4068039037763206570,6579666470266182700,8973453406584457206,,ACTIVE,policy://tenants/172097/policySpecifications/c158f554-9464-46f9-bfb6-1502b2d5e0fb/policies/INFINIA_INTERESTPOLICY-483420,172097,,,1970-01-01 00:00:00,2022-02-09 12:42:55.396000,014cfa5e-f009-46d7-abd4-45b68c9a820f,,,,,1687935914000,1687714837764,"{""bookTime"":1639353600000,""decision"":""accrue-interest"",""valueTime"":1639353600000,""voucherCode"":""INTEREST_ACCURAL_TEST_1"",""userLedgerID"":6579666470266182700,""accrualResult"":{""interestComponents"":[{""name"":""RETAILBILLEDINT"",""breakUp"":[{""toDate"":""2021-12-14"",""balance"":0.0,""rateUri"":""/tenants/172097/rateSpecificationCodes/ECOMINTERESTSILVERCARD?version=2"",""fromDate"":""2021-12-08"",""daysInYear"":6,""applicableRate"":0.0,""computedInterest"":0}],""category"":""RetailBilled"",""totalComputedInterest"":0,""currentAccruedInterest"":0,""accrualInterestCategory"":""accruedInterestRetailBilled"",""previousAccruedInterestTillDate"":0},{""name"":""RETAILUNBILLEDINT"",""breakUp"":[{""toDate"":""2021-12-14"",""balance"":0.0,""rateUri"":""/tenants/172097/rateSpecificationCodes/ECOMINTERESTSILVERCARD?version=2"",""fromDate"":""2021-12-08"",""daysInYear"":6,""applicableRate"":0.0,""computedInterest"":0}],""category"":""RetailUnbilled"",""totalComputedInterest"":0,""currentAccruedInterest"":0,""accrualInterestCategory"":""accruedInterestRetailUnbilled"",""previousAccruedInterestTillDate"":0},{""name"":""CASHBILLEDINT"",""breakUp"":[{""toDate"":""2021-12-14"",""balance"":0.0,""rateUri"":""/tenants/172097/rateSpecificationCodes/CASHINTERESTSILVERCARD?version=5"",""fromDate"":""2021-12-08"",""daysInYear"":6,""applicableRate"":0.0,""computedInterest"":0}],""category"":""CashBilled"",""totalComputedInterest"":0,""currentAccruedInterest"":0,""accrualInterestCategory"":""accruedInterestCashBilled"",""previousAccruedInterestTillDate"":0},{""name"":""CASHUNBILLEDINT"",""breakUp"":[{""toDate"":""2021-12-14"",""balance"":0.0,""rateUri"":""/tenants/172097/rateSpecificationCodes/CASHINTERESTSILVERCARD?version=5"",""fromDate"":""2021-12-08"",""daysInYear"":6,""applicableRate"":0.0,""computedInterest"":0}],""category"":""CashUnbilled"",""totalComputedInterest"":0,""currentAccruedInterest"":0,""accrualInterestCategory"":""accruedInterestCashUnbilled"",""previousAccruedInterestTillDate"":0}]},""transactionTime"":1639353600000}","{""accrualCycle"":""4068039037763206570"",""dontAssessFlag"":false}",
2701,2021-09-07 10:29:32,1670706735183594041,3064541892431456879,2914255608425553341,181576734920915114,,ACTIVE,policy://tenants/140793/policySpecifications/b560ff81-fcb1-4150-98ec-d9a6a5539e04/policies/POLIN002901,140793,,,1970-01-01 00:00:00,2022-02-09 12:42:55.396000,015b3a6f-acff-417d-9bfb-69c1109906c9,,,,,1687935914000,1687714837764,"{""bookTime"":1631035772000,""decision"":""accrue-interest"",""valueTime"":1631035772000,""voucherCode"":""INTEREST_ACCRUAL"",""userLedgerID"":2914255608425553341,""accrualResult"":{""interestComponents"":[{""name"":""CashUnbilled"",""breakUp"":[{""toDate"":""2021-09-08"",""balance"":0.0,""rateUri"":""/tenants/140793/rateSpecificationCodes/RT0001?version=1"",""fromDate"":""2021-09-01"",""daysInYear"":7,""applicableRate"":0.0,""computedInterest"":0}],""category"":""CashUnbilled"",""totalComputedInterest"":0,""currentAccruedInterest"":0,""accrualInterestCategory"":""accruedInterestCashUnbilled"",""previousAccruedInterestTillDate"":0},{""name"":""CashBilled"",""breakUp"":[{""toDate"":""2021-09-08"",""balance"":0.0,""rateUri"":""/tenants/140793/rateSpecificationCodes/RT0001?version=1"",""fromDate"":""2021-09-01"",""daysInYear"":7,""applicableRate"":0.0,""computedInterest"":0}],""category"":""CashBilled"",""totalComputedInterest"":0,""currentAccruedInterest"":0,""accrualInterestCategory"":""accruedInterestCashBilled"",""previousAccruedInterestTillDate"":0},{""name"":""PurchaseUnbilled"",""breakUp"":[{""toDate"":""2021-09-15"",""balance"":0.0,""rateUri"":""/tenants/140793/rateSpecificationCodes/RT0002?version=1"",""fromDate"":""2021-09-01"",""daysInYear"":14,""applicableRate"":0.0,""computedInterest"":0},{""toDate"":""2021-09-18"",""balance"":100.0,""rateUri"":""/tenants/140793/rateSpecificationCodes/RT0002?version=1"",""fromDate"":""2021-09-15"",""daysInYear"":3,""applicableRate"":15.49,""computedInterest"":1.2731506849315e-1},{""toDate"":""2021-09-08"",""balance"":500.0,""rateUri"":""/tenants/140793/rateSpecificationCodes/RT0002?version=1"",""fromDate"":""2021-09-18"",""daysInYear"":-10,""applicableRate"":15.49,""computedInterest"":-2.12191780821918e+0}],""category"":""RetailUnbilled"",""totalComputedInterest"":-2,""currentAccruedInterest"":0,""accrualInterestCategory"":""accruedInterestRetailUnbilled"",""previousAccruedInterestTillDate"":-2},{""name"":""PurchaseBilled"",""breakUp"":[{""toDate"":""2021-09-08"",""balance"":0.0,""rateUri"":""/tenants/140793/rateSpecificationCodes/RT0002?version=1"",""fromDate"":""2021-09-01"",""daysInYear"":7,""applicableRate"":0.0,""computedInterest"":0}],""category"":""RetailBilled"",""totalComputedInterest"":0,""currentAccruedInterest"":0,""accrualInterestCategory"":""accruedInterestRetailBilled"",""previousAccruedInterestTillDate"":0}]},""transactionTime"":1631035772000}","{""accrualCycle"":""3064541892431456879"",""dontAssessFlag"":false}",
4045,2021-10-02 23:59:50,4438356687707772178,3384621339975359563,8084622073768931774,6531643373531809608,,ACTIVE,policy://tenants/140793/policySpecifications/b560ff81-fcb1-4150-98ec-d9a6a5539e04/policies/INFINIA_INTERESTPOLICY-441215,140793,,,1970-01-01 00:00:00,2022-02-09 12:42:55.396000,015c6404-b34f-48dc-8164-f5a5cf427c44,,,,,1687935914000,1687714837764,"{""bookTime"":1633199390000,""decision"":""accrue-interest"",""valueTime"":1633199390000,""voucherCode"":""INTEREST_ACCURAL_TEST_1"",""userLedgerID"":8084622073768931774,""accrualResult"":{""interestComponents"":[{""name"":""RETAILBILLEDINT"",""breakUp"":[{""toDate"":""2021-10-03"",""balance"":0.0,""rateUri"":""/tenants/140793/rateSpecificationCodes/ECOMINTERESTSILVERCARD_001?version=1"",""fromDate"":""2021-10-01"",""daysInYear"":2,""applicableRate"":0.0,""computedInterest"":0}],""category"":""RetailBilled"",""totalComputedInterest"":0,""currentAccruedInterest"":0,""accrualInterestCategory"":""accruedInterestRetailBilled"",""previousAccruedInterestTillDate"":0},{""name"":""RETAILUNBILLEDINT"",""breakUp"":[{""toDate"":""2021-10-03"",""balance"":7999.0,""rateUri"":""/tenants/140793/rateSpecificationCodes/ECOMINTERESTSILVERCARD_001?version=1"",""fromDate"":""2021-10-01"",""daysInYear"":2,""applicableRate"":35.0,""computedInterest"":1.53405479452055e+1}],""category"":""RetailUnbilled"",""totalComputedInterest"":15,""currentAccruedInterest"":7,""accrualInterestCategory"":""accruedInterestRetailUnbilled"",""previousAccruedInterestTillDate"":8},{""name"":""CASHBILLEDINT"",""breakUp"":[{""toDate"":""2021-10-03"",""balance"":0.0,""rateUri"":""/tenants/140793/rateSpecificationCodes/CASHINTERESTSILVERCARD_001?version=1"",""fromDate"":""2021-10-01"",""daysInYear"":2,""applicableRate"":0.0,""computedInterest"":0}],""category"":""CashBilled"",""totalComputedInterest"":0,""currentAccruedInterest"":0,""accrualInterestCategory"":""accruedInterestCashBilled"",""previousAccruedInterestTillDate"":0},{""name"":""CASHUNBILLEDINT"",""breakUp"":[{""toDate"":""2021-10-03"",""balance"":10350.0,""rateUri"":""/tenants/140793/rateSpecificationCodes/CASHINTERESTSILVERCARD_001?version=1"",""fromDate"":""2021-10-01"",""daysInYear"":2,""applicableRate"":45.0,""computedInterest"":2.55205479452055e+1}],""category"":""CashUnbilled"",""totalComputedInterest"":26,""currentAccruedInterest"":13,""accrualInterestCategory"":""accruedInterestCashUnbilled"",""previousAccruedInterestTillDate"":13}]},""transactionTime"":1633199390000}","{""accrualCycle"":""3384621339975359563"",""dontAssessFlag"":false}",
2309,2021-10-06 05:30:00,657251734713499183,8878645290648336192,2780123251816756252,1476856508246323770,,ACTIVE,policy://tenants/172097/policySpecifications/c158f554-9464-46f9-bfb6-1502b2d5e0fb/policies/INFINIA_INTERESTPOLICY-511684,172097,,,1970-01-01 00:00:00,2022-02-09 12:42:55.396000,01942ae1-dd5b-4222-b69b-6dacfc24f5d0,,,,,1687935914000,1687714837764,"{""bookTime"":1633478400000,""decision"":""accrue-interest"",""valueTime"":1633478400000,""voucherCode"":""INTEREST_ACCURAL_TEST_1"",""userLedgerID"":2780123251816756252,""accrualResult"":{""interestComponents"":[{""name"":""RETAILBILLEDINT"",""breakUp"":[{""toDate"":""2021-10-07"",""balance"":0.0,""rateUri"":""/tenants/172097/rateSpecificationCodes/ECOMINTERESTSILVERCARD?version=1"",""fromDate"":""2021-10-01"",""daysInYear"":6,""applicableRate"":0.0,""computedInterest"":0.000000000000000000000000000000000000}],""category"":""RetailBilled"",""totalComputedInterest"":0,""currentAccruedInterest"":0,""accrualInterestCategory"":""accruedInterestRetailBilled"",""previousAccruedInterestTillDate"":0},{""name"":""RETAILUNBILLEDINT"",""breakUp"":[{""toDate"":""2021-10-02"",""balance"":0.0,""rateUri"":""/tenants/172097/rateSpecificationCodes/ECOMINTERESTSILVERCARD?version=1"",""fromDate"":""2021-10-01"",""daysInYear"":1,""applicableRate"":0.0,""computedInterest"":0.0000000000000000000000000000000000000},{""toDate"":""2021-10-03"",""balance"":3111.0,""rateUri"":""/tenants/172097/rateSpecificationCodes/ECOMINTERESTSILVERCARD?version=1"",""fromDate"":""2021-10-02"",""daysInYear"":1,""applicableRate"":38.0,""computedInterest"":3.23884931506849e+0},{""toDate"":""2021-10-04"",""balance"":6222.0,""rateUri"":""/tenants/172097/rateSpecificationCodes/ECOMINTERESTSILVERCARD?version=1"",""fromDate"":""2021-10-03"",""daysInYear"":1,""applicableRate"":38.0,""computedInterest"":6.47769863013699e+0},{""toDate"":""2021-10-05"",""balance"":9333.0,""rateUri"":""/tenants/172097/rateSpecificationCodes/ECOMINTERESTSILVERCARD?version=1"",""fromDate"":""2021-10-04"",""daysInYear"":1,""applicableRate"":38.0,""computedInterest"":9.71654794520548e+0},{""toDate"":""2021-10-06"",""balance"":12444.0,""rateUri"":""/tenants/172097/rateSpecificationCodes/ECOMINTERESTSILVERCARD?version=1"",""fromDate"":""2021-10-05"",""daysInYear"":1,""applicableRate"":38.0,""computedInterest"":1.2955397260274e+1},{""toDate"":""2021-10-07"",""balance"":15555.0,""rateUri"":""/tenants/172097/rateSpecificationCodes/ECOMINTERESTSILVERCARD?version=1"",""fromDate"":""2021-10-06"",""daysInYear"":1,""applicableRate"":38.0,""computedInterest"":1.61942465753425e+1},{""toDate"":""2021-10-07"",""balance"":18666.0,""rateUri"":""/tenants/172097/rateSpecificationCodes/ECOMINTERESTSILVERCARD?version=1"",""fromDate"":""2021-10-07"",""daysInYear"":0,""applicableRate"":38.0,""computedInterest"":0.00}],""category"":""RetailUnbilled"",""totalComputedInterest"":49,""currentAccruedInterest"":20,""accrualInterestCategory"":""accruedInterestRetailUnbilled"",""previousAccruedInterestTillDate"":29},{""name"":""CASHBILLEDINT"",""breakUp"":[{""toDate"":""2021-10-07"",""balance"":0.0,""rateUri"":""/tenants/172097/rateSpecificationCodes/CASHINTERESTSILVERCARD?version=1"",""fromDate"":""2021-10-01"",""daysInYear"":6,""applicableRate"":0.0,""computedInterest"":0.000000000000000000000000000000000000}],""category"":""CashBilled"",""totalComputedInterest"":0,""currentAccruedInterest"":0,""accrualInterestCategory"":""accruedInterestCashBilled"",""previousAccruedInterestTillDate"":0},{""name"":""CASHUNBILLEDINT"",""breakUp"":[{""toDate"":""2021-10-02"",""balance"":0.0,""rateUri"":""/tenants/172097/rateSpecificationCodes/CASHINTERESTSILVERCARD?version=1"",""fromDate"":""2021-10-01"",""daysInYear"":1,""applicableRate"":0.0,""computedInterest"":0.0000000000000000000000000000000000000},{""toDate"":""2021-10-07"",""balance"":5350.0,""rateUri"":""/tenants/172097/rateSpecificationCodes/CASHINTERESTSILVERCARD?version=1"",""fromDate"":""2021-10-02"",""daysInYear"":5,""applicableRate"":45.0,""computedInterest"":3.29794520547945e+1}],""category"":""CashUnbilled"",""totalComputedInterest"":33,""currentAccruedInterest"":7,""accrualInterestCategory"":""accruedInterestCashUnbilled"",""previousAccruedInterestTillDate"":26}]},""transactionTime"":1633478400000}","{""accrualCycle"":""8878645290648336192"",""dontAssessFlag"":false}",
1820,2021-09-26 05:30:00,5178922396704582785,4683349824565188006,3456533456947033896,2558665958027126709,,ACTIVE,policy://tenants/172097/policySpecifications/c158f554-9464-46f9-bfb6-1502b2d5e0fb/policies/New_INTERESTPOLICY-827329,172097,,,1970-01-01 00:00:00,2022-02-09 12:42:55.396000,01250f1b-6803-4a02-a928-0238e379a57c,,,,,1687935914000,1687714837764,"{""bookTime"":1632614400000,""decision"":""accrue-interest"",""valueTime"":1632614400000,""voucherCode"":""INTEREST_ACCURAL_TEST_1"",""userLedgerID"":3456533456947033896,""accrualResult"":{""interestComponents"":[{""name"":""RETAILBILLEDINT"",""breakUp"":[{""toDate"":""2021-09-26"",""balance"":0.0,""fromDate"":""2021-09-20"",""daysInYear"":365,""applicableRate"":0.0,""computedInterest"":0.0}],""category"":""RetailBilled"",""totalComputedInterest"":0,""currentAccruedInterest"":0,""accrualInterestCategory"":""accruedInterestRetailBilled"",""previousAccruedInterestTillDate"":0},{""name"":""RETAILUNBILLEDINT"",""breakUp"":[{""toDate"":""2021-09-20"",""balance"":4358.0,""rateUri"":""/tenants/172097/rateSpecificationCodes/ECOMINTERESTSILVERCARD?version=1"",""fromDate"":""2021-09-20"",""daysInYear"":365,""applicableRate"":38.0,""computedInterest"":4.537095890410959},{""toDate"":""2021-09-26"",""balance"":6358.0,""rateUri"":""/tenants/172097/rateSpecificationCodes/ECOMINTERESTSILVERCARD?version=1"",""fromDate"":""2021-09-21"",""daysInYear"":365,""applicableRate"":38.0,""computedInterest"":39.71572602739726}],""category"":""RetailUnbilled"",""totalComputedInterest"":44,""currentAccruedInterest"":44,""accrualInterestCategory"":""accruedInterestRetailUnbilled"",""previousAccruedInterestTillDate"":0},{""name"":""CASHBILLEDINT"",""breakUp"":[{""toDate"":""2021-09-26"",""balance"":0.0,""fromDate"":""2021-09-20"",""daysInYear"":365,""applicableRate"":0.0,""computedInterest"":0.0}],""category"":""CashBilled"",""totalComputedInterest"":0,""currentAccruedInterest"":0,""accrualInterestCategory"":""accruedInterestCashBilled"",""previousAccruedInterestTillDate"":0},{""name"":""CASHUNBILLEDINT"",""breakUp"":[{""toDate"":""2021-09-20"",""balance"":4708.0,""rateUri"":""/tenants/172097/rateSpecificationCodes/CASHINTERESTSILVERCARD?version=1"",""fromDate"":""2021-09-20"",""daysInYear"":365,""applicableRate"":45.0,""computedInterest"":5.804383561643836},{""toDate"":""2021-09-26"",""balance"":7058.0,""rateUri"":""/tenants/172097/rateSpecificationCodes/CASHINTERESTSILVERCARD?version=1"",""fromDate"":""2021-09-21"",""daysInYear"":365,""applicableRate"":45.0,""computedInterest"":52.20986301369864}],""category"":""CashUnbilled"",""totalComputedInterest"":58,""currentAccruedInterest"":58,""accrualInterestCategory"":""accruedInterestCashUnbilled"",""previousAccruedInterestTillDate"":0}]},""transactionTime"":1632614400000}","{""accrualCycle"":""4683349824565188006"",""dontAssessFlag"":false}",
2364,2021-10-07 23:45:07,657251734713499183,8878645290648336192,2404083260566865227,1476856508246323770,,ACTIVE,policy://tenants/172097/policySpecifications/c158f554-9464-46f9-bfb6-1502b2d5e0fb/policies/INFINIA_INTERESTPOLICY-511684,172097,,,1970-01-01 00:00:00,2022-02-09 12:42:55.396000,017649ee-f3a4-4983-9d89-357c2084eb42,,,,,1687935914000,1687714837764,"{""bookTime"":1633630507000,""decision"":""accrue-interest"",""valueTime"":1633630507000,""voucherCode"":""INTEREST_ACCURAL_TEST_1"",""userLedgerID"":2404083260566865227,""accrualResult"":{""interestComponents"":[{""name"":""RETAILBILLEDINT"",""breakUp"":[{""toDate"":""2021-10-08"",""balance"":0.0,""rateUri"":""/tenants/172097/rateSpecificationCodes/ECOMINTERESTSILVERCARD?version=2"",""fromDate"":""2021-10-01"",""daysInYear"":7,""applicableRate"":0.0,""computedInterest"":0}],""category"":""RetailBilled"",""totalComputedInterest"":0,""currentAccruedInterest"":0,""accrualInterestCategory"":""accruedInterestRetailBilled"",""previousAccruedInterestTillDate"":0},{""name"":""RETAILUNBILLEDINT"",""breakUp"":[{""toDate"":""2021-10-02"",""balance"":0.0,""rateUri"":""/tenants/172097/rateSpecificationCodes/ECOMINTERESTSILVERCARD?version=2"",""fromDate"":""2021-10-01"",""daysInYear"":1,""applicableRate"":0.0,""computedInterest"":0},{""toDate"":""2021-10-03"",""balance"":3111.0,""rateUri"":""/tenants/172097/rateSpecificationCodes/ECOMINTERESTSILVERCARD?version=2"",""fromDate"":""2021-10-02"",""daysInYear"":1,""applicableRate"":38.0,""computedInterest"":3.23884931506849e+0},{""toDate"":""2021-10-04"",""balance"":6222.0,""rateUri"":""/tenants/172097/rateSpecificationCodes/ECOMINTERESTSILVERCARD?version=2"",""fromDate"":""2021-10-03"",""daysInYear"":1,""applicableRate"":35.0,""computedInterest"":5.96630136986301e+0},{""toDate"":""2021-10-05"",""balance"":9333.0,""rateUri"":""/tenants/172097/rateSpecificationCodes/ECOMINTERESTSILVERCARD?version=2"",""fromDate"":""2021-10-04"",""daysInYear"":1,""applicableRate"":35.0,""computedInterest"":8.94945205479452e+0},{""toDate"":""2021-10-06"",""balance"":12444.0,""rateUri"":""/tenants/172097/rateSpecificationCodes/ECOMINTERESTSILVERCARD?version=2"",""fromDate"":""2021-10-05"",""daysInYear"":1,""applicableRate"":38.0,""computedInterest"":1.2955397260274e+1},{""toDate"":""2021-10-07"",""balance"":15555.0,""rateUri"":""/tenants/172097/rateSpecificationCodes/ECOMINTERESTSILVERCARD?version=2"",""fromDate"":""2021-10-06"",""daysInYear"":1,""applicableRate"":38.0,""computedInterest"":1.61942465753425e+1},{""toDate"":""2021-10-08"",""balance"":18666.0,""rateUri"":""/tenants/172097/rateSpecificationCodes/ECOMINTERESTSILVERCARD?version=2"",""fromDate"":""2021-10-07"",""daysInYear"":1,""applicableRate"":38.0,""computedInterest"":1.9433095890411e+1}],""category"":""RetailUnbilled"",""totalComputedInterest"":67,""currentAccruedInterest"":0,""accrualInterestCategory"":""accruedInterestRetailUnbilled"",""previousAccruedInterestTillDate"":67},{""name"":""CASHBILLEDINT"",""breakUp"":[{""toDate"":""2021-10-08"",""balance"":0.0,""rateUri"":""/tenants/172097/rateSpecificationCodes/CASHINTERESTSILVERCARD?version=5"",""fromDate"":""2021-10-01"",""daysInYear"":7,""applicableRate"":0.0,""computedInterest"":0}],""category"":""CashBilled"",""totalComputedInterest"":0,""currentAccruedInterest"":0,""accrualInterestCategory"":""accruedInterestCashBilled"",""previousAccruedInterestTillDate"":0},{""name"":""CASHUNBILLEDINT"",""breakUp"":[{""toDate"":""2021-10-02"",""balance"":0.0,""rateUri"":""/tenants/172097/rateSpecificationCodes/CASHINTERESTSILVERCARD?version=5"",""fromDate"":""2021-10-01"",""daysInYear"":1,""applicableRate"":0.0,""computedInterest"":0},{""toDate"":""2021-10-08"",""balance"":0.0,""rateUri"":""/tenants/172097/rateSpecificationCodes/CASHINTERESTSILVERCARD?version=5"",""fromDate"":""2021-10-02"",""daysInYear"":6,""applicableRate"":0.0,""computedInterest"":0}],""category"":""CashUnbilled"",""totalComputedInterest"":0,""currentAccruedInterest"":0,""accrualInterestCategory"":""accruedInterestCashUnbilled"",""previousAccruedInterestTillDate"":0}]},""transactionTime"":1633630507000}","{""accrualCycle"":""8878645290648336192"",""dontAssessFlag"":false}",
1930,2021-08-15 11:15:53,1670706735183594041,3064541892431456879,2772934012624972121,3633891484646372253,,ACTIVE,policy://tenants/140793/policySpecifications/b560ff81-fcb1-4150-98ec-d9a6a5539e04/policies/POLIN002901,140793,,,1970-01-01 00:00:00,2022-02-09 12:42:55.396000,dc0667ea-7dc8-4def-9144-1325124c5743,,,,,1687935914000,1687714840373,"{""bookTime"":1629051353000,""decision"":""accrue-interest"",""valueTime"":1629051353000,""voucherCode"":""INTEREST_ACCRUAL"",""userLedgerID"":2772934012624972121,""accrualResult"":{""interestComponents"":[{""name"":""CashUnbilled"",""breakUp"":[{""toDate"":""2021-08-16"",""balance"":0.0,""rateUri"":""/tenants/140793/rateSpecificationCodes/RT0001?version=1"",""fromDate"":""2021-08-01"",""daysInYear"":15,""applicableRate"":0.0,""computedInterest"":0}],""category"":""CashUnbilled"",""totalComputedInterest"":0,""currentAccruedInterest"":0,""accrualInterestCategory"":""accruedInterestCashUnbilled"",""previousAccruedInterestTillDate"":0},{""name"":""CashBilled"",""breakUp"":[{""toDate"":""2021-08-16"",""balance"":0.0,""rateUri"":""/tenants/140793/rateSpecificationCodes/RT0001?version=1"",""fromDate"":""2021-08-01"",""daysInYear"":15,""applicableRate"":0.0,""computedInterest"":0}],""category"":""CashBilled"",""totalComputedInterest"":0,""currentAccruedInterest"":0,""accrualInterestCategory"":""accruedInterestCashBilled"",""previousAccruedInterestTillDate"":0},{""name"":""PurchaseUnbilled"",""breakUp"":[{""toDate"":""2021-08-02"",""balance"":0.0,""rateUri"":""/tenants/140793/rateSpecificationCodes/RT0002?version=1"",""fromDate"":""2021-08-01"",""daysInYear"":1,""applicableRate"":0.0,""computedInterest"":0},{""toDate"":""2021-08-16"",""balance"":9999.0,""rateUri"":""/tenants/140793/rateSpecificationCodes/RT0002?version=1"",""fromDate"":""2021-08-02"",""daysInYear"":14,""applicableRate"":15.49,""computedInterest"":5.9407757260274e+1}],""category"":""RetailUnbilled"",""totalComputedInterest"":59,""currentAccruedInterest"":4,""accrualInterestCategory"":""accruedInterestRetailUnbilled"",""previousAccruedInterestTillDate"":55},{""name"":""PurchaseBilled"",""breakUp"":[{""toDate"":""2021-08-16"",""balance"":0.0,""rateUri"":""/tenants/140793/rateSpecificationCodes/RT0002?version=1"",""fromDate"":""2021-08-01"",""daysInYear"":15,""applicableRate"":0.0,""computedInterest"":0}],""category"":""RetailBilled"",""totalComputedInterest"":0,""currentAccruedInterest"":0,""accrualInterestCategory"":""accruedInterestRetailBilled"",""previousAccruedInterestTillDate"":0}]},""transactionTime"":1629051353000}","{""accrualCycle"":""3064541892431456879"",""dontAssessFlag"":false}",
2152,2021-08-19 11:29:55,1670706735183594041,3064541892431456879,6187196262188239429,3633891484646372253,,ACTIVE,policy://tenants/140793/policySpecifications/b560ff81-fcb1-4150-98ec-d9a6a5539e04/policies/POLIN002901,140793,,,1970-01-01 00:00:00,2022-02-09 12:42:55.396000,dc21da21-39b5-40d7-9ef1-7b50c65fb522,,,,,1687935914000,1687714840373,"{""bookTime"":1629397795000,""decision"":""accrue-interest"",""valueTime"":1629397795000,""voucherCode"":""INTEREST_ACCRUAL"",""userLedgerID"":6187196262188239429,""accrualResult"":{""interestComponents"":[{""name"":""CashUnbilled"",""breakUp"":[{""toDate"":""2021-08-27"",""balance"":0.0,""rateUri"":""/tenants/140793/rateSpecificationCodes/RT0001?version=1"",""fromDate"":""2021-08-01"",""daysInYear"":26,""applicableRate"":0.0,""computedInterest"":0},{""toDate"":""2021-08-28"",""balance"":4000.0,""rateUri"":""/tenants/140793/rateSpecificationCodes/RT0001?version=1"",""fromDate"":""2021-08-27"",""daysInYear"":1,""applicableRate"":24.99,""computedInterest"":2.7386301369863e+0},{""toDate"":""2021-08-20"",""balance"":17500.0,""rateUri"":""/tenants/140793/rateSpecificationCodes/RT0001?version=1"",""fromDate"":""2021-08-28"",""daysInYear"":-8,""applicableRate"":24.99,""computedInterest"":-9.58520547945206e+1}],""category"":""CashUnbilled"",""totalComputedInterest"":-93,""currentAccruedInterest"":12,""accrualInterestCategory"":""accruedInterestCashUnbilled"",""previousAccruedInterestTillDate"":-105},{""name"":""CashBilled"",""breakUp"":[{""toDate"":""2021-08-20"",""balance"":0.0,""rateUri"":""/tenants/140793/rateSpecificationCodes/RT0001?version=1"",""fromDate"":""2021-08-01"",""daysInYear"":19,""applicableRate"":0.0,""computedInterest"":0}],""category"":""CashBilled"",""totalComputedInterest"":0,""currentAccruedInterest"":0,""accrualInterestCategory"":""accruedInterestCashBilled"",""previousAccruedInterestTillDate"":0},{""name"":""PurchaseUnbilled"",""breakUp"":[{""toDate"":""2021-08-02"",""balance"":1749.0,""rateUri"":""/tenants/140793/rateSpecificationCodes/RT0002?version=1"",""fromDate"":""2021-08-01"",""daysInYear"":1,""applicableRate"":15.49,""computedInterest"":7.4224684931507e-1},{""toDate"":""2021-08-07"",""balance"":2736.0,""rateUri"":""/tenants/140793/rateSpecificationCodes/RT0002?version=1"",""fromDate"":""2021-08-02"",""daysInYear"":5,""applicableRate"":15.49,""computedInterest"":5.80556712328767e+0},{""toDate"":""2021-08-20"",""balance"":3390.0,""rateUri"":""/tenants/140793/rateSpecificationCodes/RT0002?version=1"",""fromDate"":""2021-08-07"",""daysInYear"":13,""applicableRate"":15.49,""computedInterest"":1.87025835616438e+1}],""category"":""RetailUnbilled"",""totalComputedInterest"":25,""currentAccruedInterest"":1,""accrualInterestCategory"":""accruedInterestRetailUnbilled"",""previousAccruedInterestTillDate"":24},{""name"":""PurchaseBilled"",""breakUp"":[{""toDate"":""2021-08-20"",""balance"":0.0,""rateUri"":""/tenants/140793/rateSpecificationCodes/RT0002?version=1"",""fromDate"":""2021-08-01"",""daysInYear"":19,""applicableRate"":0.0,""computedInterest"":0}],""category"":""RetailBilled"",""totalComputedInterest"":0,""currentAccruedInterest"":0,""accrualInterestCategory"":""accruedInterestRetailBilled"",""previousAccruedInterestTillDate"":0}]},""transactionTime"":1629397795000}","{""accrualCycle"":""3064541892431456879"",""dontAssessFlag"":false}",
1882,2021-09-26 21:57:27,5178922396704582785,4683349824565188006,5888788524437424119,2558665958027126709,,ACTIVE,policy://tenants/172097/policySpecifications/c158f554-9464-46f9-bfb6-1502b2d5e0fb/policies/New_INTERESTPOLICY-827329,172097,,,1970-01-01 00:00:00,2022-02-09 12:42:55.396000,dc278fda-73cb-4e4d-9965-ba269ff2697e,,,,,1687935914000,1687714840373,"{""bookTime"":1632673647000,""decision"":""accrue-interest"",""valueTime"":1632673647000,""voucherCode"":""INTEREST_ACCURAL_TEST_1"",""userLedgerID"":5888788524437424119,""accrualResult"":{""interestComponents"":[{""name"":""RETAILBILLEDINT"",""breakUp"":[{""toDate"":""2021-09-26"",""balance"":0.0,""rateUri"":""/tenants/172097/rateSpecificationCodes/ECOMINTERESTSILVERCARD?version=1"",""fromDate"":""2021-09-20"",""daysInYear"":6,""applicableRate"":0.0,""computedInterest"":0.000000000000000000000000000000000000},{""toDate"":""2021-09-27"",""balance"":-32000.0,""rateUri"":""/tenants/172097/rateSpecificationCodes/ECOMINTERESTSILVERCARD?version=1"",""fromDate"":""2021-09-26"",""daysInYear"":1,""applicableRate"":38.0,""computedInterest"":0.0000000000000000000000000000000000000}],""category"":""RetailBilled"",""totalComputedInterest"":0,""currentAccruedInterest"":0,""accrualInterestCategory"":""accruedInterestRetailBilled"",""previousAccruedInterestTillDate"":0},{""name"":""RETAILUNBILLEDINT"",""breakUp"":[{""toDate"":""2021-09-26"",""balance"":0.0,""rateUri"":""/tenants/172097/rateSpecificationCodes/ECOMINTERESTSILVERCARD?version=1"",""fromDate"":""2021-09-20"",""daysInYear"":6,""applicableRate"":0.0,""computedInterest"":0.000000000000000000000000000000000000},{""toDate"":""2021-09-26"",""balance"":32000.0,""rateUri"":""/tenants/172097/rateSpecificationCodes/ECOMINTERESTSILVERCARD?version=1"",""fromDate"":""2021-09-26"",""daysInYear"":0,""applicableRate"":38.0,""computedInterest"":0.00},{""toDate"":""2021-09-27"",""balance"":0.0,""rateUri"":""/tenants/172097/rateSpecificationCodes/ECOMINTERESTSILVERCARD?version=1"",""fromDate"":""2021-09-26"",""daysInYear"":1,""applicableRate"":0.0,""computedInterest"":0.0000000000000000000000000000000000000}],""category"":""RetailUnbilled"",""totalComputedInterest"":0,""currentAccruedInterest"":0,""accrualInterestCategory"":""accruedInterestRetailUnbilled"",""previousAccruedInterestTillDate"":0},{""name"":""CASHBILLEDINT"",""breakUp"":[{""toDate"":""2021-09-26"",""balance"":0.0,""rateUri"":""/tenants/172097/rateSpecificationCodes/CASHINTERESTSILVERCARD?version=1"",""fromDate"":""2021-09-20"",""daysInYear"":6,""applicableRate"":0.0,""computedInterest"":0.000000000000000000000000000000000000},{""toDate"":""2021-09-27"",""balance"":-19380.0,""rateUri"":""/tenants/172097/rateSpecificationCodes/CASHINTERESTSILVERCARD?version=1"",""fromDate"":""2021-09-26"",""daysInYear"":1,""applicableRate"":45.0,""computedInterest"":0.0000000000000000000000000000000000000}],""category"":""CashBilled"",""totalComputedInterest"":0,""currentAccruedInterest"":0,""accrualInterestCategory"":""accruedInterestCashBilled"",""previousAccruedInterestTillDate"":0},{""name"":""CASHUNBILLEDINT"",""breakUp"":[{""toDate"":""2021-09-26"",""balance"":0.0,""rateUri"":""/tenants/172097/rateSpecificationCodes/CASHINTERESTSILVERCARD?version=1"",""fromDate"":""2021-09-20"",""daysInYear"":6,""applicableRate"":0.0,""computedInterest"":0.000000000000000000000000000000000000},{""toDate"":""2021-09-26"",""balance"":19380.0,""rateUri"":""/tenants/172097/rateSpecificationCodes/CASHINTERESTSILVERCARD?version=1"",""fromDate"":""2021-09-26"",""daysInYear"":0,""applicableRate"":45.0,""computedInterest"":0.00},{""toDate"":""2021-09-27"",""balance"":0.0,""rateUri"":""/tenants/172097/rateSpecificationCodes/CASHINTERESTSILVERCARD?version=1"",""fromDate"":""2021-09-26"",""daysInYear"":1,""applicableRate"":0.0,""computedInterest"":0.0000000000000000000000000000000000000}],""category"":""CashUnbilled"",""totalComputedInterest"":0,""currentAccruedInterest"":0,""accrualInterestCategory"":""accruedInterestCashUnbilled"",""previousAccruedInterestTillDate"":0}]},""transactionTime"":1632673647000}","{""accrualCycle"":""4683349824565188006"",""dontAssessFlag"":false}",
2998,2021-10-14 17:31:57,657251734713499183,8878645290648336192,158665003207409191,8783255430319639770,,ACTIVE,policy://tenants/172097/policySpecifications/c158f554-9464-46f9-bfb6-1502b2d5e0fb/policies/INFINIA_INTERESTPOLICY-511684,172097,,,1970-01-01 00:00:00,2022-02-09 12:42:55.396000,02c84956-4926-4acf-bd14-1870543cd1c6,,,,,1687935914000,1687714837768,"{""bookTime"":1634212917000,""decision"":""accrue-interest"",""valueTime"":1634212917000,""voucherCode"":""INTEREST_ACCURAL_TEST_1"",""userLedgerID"":158665003207409191,""accrualResult"":{""interestComponents"":[{""name"":""RETAILBILLEDINT"",""breakUp"":[{""toDate"":""2021-10-15"",""balance"":0.0,""rateUri"":""/tenants/172097/rateSpecificationCodes/ECOMINTERESTSILVERCARD?version=2"",""fromDate"":""2021-10-08"",""daysInYear"":7,""applicableRate"":0.0,""computedInterest"":0}],""category"":""RetailBilled"",""totalComputedInterest"":0,""currentAccruedInterest"":0,""accrualInterestCategory"":""accruedInterestRetailBilled"",""previousAccruedInterestTillDate"":0},{""name"":""RETAILUNBILLEDINT"",""breakUp"":[{""toDate"":""2021-10-15"",""balance"":0.0,""rateUri"":""/tenants/172097/rateSpecificationCodes/ECOMINTERESTSILVERCARD?version=2"",""fromDate"":""2021-10-08"",""daysInYear"":7,""applicableRate"":0.0,""computedInterest"":0}],""category"":""RetailUnbilled"",""totalComputedInterest"":0,""currentAccruedInterest"":0,""accrualInterestCategory"":""accruedInterestRetailUnbilled"",""previousAccruedInterestTillDate"":0},{""name"":""CASHBILLEDINT"",""breakUp"":[{""toDate"":""2021-10-15"",""balance"":0.0,""rateUri"":""/tenants/172097/rateSpecificationCodes/CASHINTERESTSILVERCARD?version=5"",""fromDate"":""2021-10-08"",""daysInYear"":7,""applicableRate"":0.0,""computedInterest"":0}],""category"":""CashBilled"",""totalComputedInterest"":0,""currentAccruedInterest"":0,""accrualInterestCategory"":""accruedInterestCashBilled"",""previousAccruedInterestTillDate"":0},{""name"":""CASHUNBILLEDINT"",""breakUp"":[{""toDate"":""2021-10-15"",""balance"":0.0,""rateUri"":""/tenants/172097/rateSpecificationCodes/CASHINTERESTSILVERCARD?version=5"",""fromDate"":""2021-10-08"",""daysInYear"":7,""applicableRate"":0.0,""computedInterest"":0}],""category"":""CashUnbilled"",""totalComputedInterest"":0,""currentAccruedInterest"":0,""accrualInterestCategory"":""accruedInterestCashUnbilled"",""previousAccruedInterestTillDate"":0}]},""transactionTime"":1634212917000}","{""accrualCycle"":""8878645290648336192"",""dontAssessFlag"":false}",
2991,2021-10-20 21:30:00,657251734713499183,8878645290648336192,8338221856919341494,8079682004218319858,,ACTIVE,policy://tenants/172097/policySpecifications/c158f554-9464-46f9-bfb6-1502b2d5e0fb/policies/INFINIA_INTERESTPOLICY-511684,172097,,,1970-01-01 00:00:00,2022-02-09 12:42:55.396000,db91d546-34aa-4967-947d-bcf3e7d9eba5,,,,,1687935914000,1687714840372,"{""bookTime"":1634745600000,""decision"":""accrue-interest"",""valueTime"":1634745600000,""voucherCode"":""INTEREST_ACCURAL_TEST_1"",""userLedgerID"":8338221856919341494,""accrualResult"":{""interestComponents"":[{""name"":""RETAILBILLEDINT"",""breakUp"":[{""toDate"":""2021-10-21"",""balance"":0.0,""rateUri"":""/tenants/172097/rateSpecificationCodes/ECOMINTERESTSILVERCARD?version=2"",""fromDate"":""2021-10-15"",""daysInYear"":6,""applicableRate"":0.0,""computedInterest"":0}],""category"":""RetailBilled"",""totalComputedInterest"":0,""currentAccruedInterest"":0,""accrualInterestCategory"":""accruedInterestRetailBilled"",""previousAccruedInterestTillDate"":0},{""name"":""RETAILUNBILLEDINT"",""breakUp"":[{""toDate"":""2021-10-19"",""balance"":0.0,""rateUri"":""/tenants/172097/rateSpecificationCodes/ECOMINTERESTSILVERCARD?version=2"",""fromDate"":""2021-10-15"",""daysInYear"":4,""applicableRate"":0.0,""computedInterest"":0},{""toDate"":""2021-10-21"",""balance"":100.0,""rateUri"":""/tenants/172097/rateSpecificationCodes/ECOMINTERESTSILVERCARD?version=2"",""fromDate"":""2021-10-19"",""daysInYear"":2,""applicableRate"":38.0,""computedInterest"":2.0821917808219e-1}],""category"":""RetailUnbilled"",""totalComputedInterest"":0,""currentAccruedInterest"":0,""accrualInterestCategory"":""accruedInterestRetailUnbilled"",""previousAccruedInterestTillDate"":0},{""name"":""CASHBILLEDINT"",""breakUp"":[{""toDate"":""2021-10-21"",""balance"":0.0,""rateUri"":""/tenants/172097/rateSpecificationCodes/CASHINTERESTSILVERCARD?version=5"",""fromDate"":""2021-10-15"",""daysInYear"":6,""applicableRate"":0.0,""computedInterest"":0}],""category"":""CashBilled"",""totalComputedInterest"":0,""currentAccruedInterest"":0,""accrualInterestCategory"":""accruedInterestCashBilled"",""previousAccruedInterestTillDate"":0},{""name"":""CASHUNBILLEDINT"",""breakUp"":[{""toDate"":""2021-10-18"",""balance"":0.0,""rateUri"":""/tenants/172097/rateSpecificationCodes/CASHINTERESTSILVERCARD?version=5"",""fromDate"":""2021-10-15"",""daysInYear"":3,""applicableRate"":0.0,""computedInterest"":0},{""toDate"":""2021-10-21"",""balance"":450.0,""rateUri"":""/tenants/172097/rateSpecificationCodes/CASHINTERESTSILVERCARD?version=5"",""fromDate"":""2021-10-18"",""daysInYear"":3,""applicableRate"":42.0,""computedInterest"":1.55342465753425e+0}],""category"":""CashUnbilled"",""totalComputedInterest"":2,""currentAccruedInterest"":1,""accrualInterestCategory"":""accruedInterestCashUnbilled"",""previousAccruedInterestTillDate"":1}]},""transactionTime"":1634745600000}","{""accrualCycle"":""8878645290648336192"",""dontAssessFlag"":false}",
5148,2021-10-06 23:59:50,4438356687707772178,3384621339975359563,8997013763048507915,6531643373531809608,,ACTIVE,policy://tenants/140793/policySpecifications/b560ff81-fcb1-4150-98ec-d9a6a5539e04/policies/INFINIA_INTERESTPOLICY-441215,140793,,,1970-01-01 00:00:00,2022-02-09 12:42:55.396000,01bfd9d6-fb1a-47e1-b201-151e5c74184c,,,,,1687935914000,1687714837765,"{""bookTime"":1633544990000,""decision"":""accrue-interest"",""valueTime"":1633544990000,""voucherCode"":""INTEREST_ACCURAL_TEST_1"",""userLedgerID"":8997013763048507915,""accrualResult"":{""interestComponents"":[{""name"":""RETAILBILLEDINT"",""breakUp"":[{""toDate"":""2021-10-07"",""balance"":0.0,""rateUri"":""/tenants/140793/rateSpecificationCodes/ECOMINTERESTSILVERCARD_001?version=1"",""fromDate"":""2021-10-01"",""daysInYear"":6,""applicableRate"":0.0,""computedInterest"":0}],""category"":""RetailBilled"",""totalComputedInterest"":0,""currentAccruedInterest"":0,""accrualInterestCategory"":""accruedInterestRetailBilled"",""previousAccruedInterestTillDate"":0},{""name"":""RETAILUNBILLEDINT"",""breakUp"":[{""toDate"":""2021-10-03"",""balance"":7999.0,""rateUri"":""/tenants/140793/rateSpecificationCodes/ECOMINTERESTSILVERCARD_001?version=1"",""fromDate"":""2021-10-01"",""daysInYear"":2,""applicableRate"":35.0,""computedInterest"":1.53405479452055e+1},{""toDate"":""2021-10-05"",""balance"":11087.0,""rateUri"":""/tenants/140793/rateSpecificationCodes/ECOMINTERESTSILVERCARD_001?version=1"",""fromDate"":""2021-10-03"",""daysInYear"":2,""applicableRate"":38.0,""computedInterest"":2.30852602739726e+1},{""toDate"":""2021-10-07"",""balance"":262301.0,""rateUri"":""/tenants/140793/rateSpecificationCodes/ECOMINTERESTSILVERCARD_001?version=1"",""fromDate"":""2021-10-05"",""daysInYear"":2,""applicableRate"":38.0,""computedInterest"":5.4616098630137e+2}],""category"":""RetailUnbilled"",""totalComputedInterest"":585,""currentAccruedInterest"":277,""accrualInterestCategory"":""accruedInterestRetailUnbilled"",""previousAccruedInterestTillDate"":308},{""name"":""CASHBILLEDINT"",""breakUp"":[{""toDate"":""2021-10-07"",""balance"":0.0,""rateUri"":""/tenants/140793/rateSpecificationCodes/CASHINTERESTSILVERCARD_001?version=1"",""fromDate"":""2021-10-01"",""daysInYear"":6,""applicableRate"":0.0,""computedInterest"":0}],""category"":""CashBilled"",""totalComputedInterest"":0,""currentAccruedInterest"":0,""accrualInterestCategory"":""accruedInterestCashBilled"",""previousAccruedInterestTillDate"":0},{""name"":""CASHUNBILLEDINT"",""breakUp"":[{""toDate"":""2021-10-02"",""balance"":10350.0,""rateUri"":""/tenants/140793/rateSpecificationCodes/CASHINTERESTSILVERCARD_001?version=1"",""fromDate"":""2021-10-01"",""daysInYear"":1,""applicableRate"":45.0,""computedInterest"":1.27602739726027e+1},{""toDate"":""2021-10-03"",""balance"":350.0,""rateUri"":""/tenants/140793/rateSpecificationCodes/CASHINTERESTSILVERCARD_001?version=1"",""fromDate"":""2021-10-02"",""daysInYear"":1,""applicableRate"":42.0,""computedInterest"":4.027397260274e-1},{""toDate"":""2021-10-07"",""balance"":1699.0,""rateUri"":""/tenants/140793/rateSpecificationCodes/CASHINTERESTSILVERCARD_001?version=1"",""fromDate"":""2021-10-03"",""daysInYear"":4,""applicableRate"":42.0,""computedInterest"":7.8200547945205479452054794520547948138}],""category"":""CashUnbilled"",""totalComputedInterest"":21,""currentAccruedInterest"":-48,""accrualInterestCategory"":""accruedInterestCashUnbilled"",""previousAccruedInterestTillDate"":69}]},""transactionTime"":1633544990000}","{""accrualCycle"":""3384621339975359563"",""dontAssessFlag"":false}",
1036,2021-09-21 05:30:00,5178922396704582785,4683349824565188006,5361107642304716744,2558665958027126709,,ACTIVE,policy://tenants/172097/policySpecifications/c158f554-9464-46f9-bfb6-1502b2d5e0fb/policies/New_INTERESTPOLICY-827329,172097,,,1970-01-01 00:00:00,2022-02-09 12:42:55.396000,dc139609-8c42-4d13-bed1-8147b1d7a56a,,,,,1687935914000,1687714840373,"{""bookTime"":1632182400000,""decision"":""accrue-interest"",""valueTime"":1632182400000,""voucherCode"":""INTEREST_ACCURAL_TEST_1"",""userLedgerID"":5361107642304716744,""accrualResult"":{""interestComponents"":[{""name"":""RETAILBILLEDINT"",""breakUp"":[{""toDate"":""2021-09-21"",""balance"":0.0,""fromDate"":""2021-09-20"",""daysInYear"":365,""applicableRate"":0.0,""computedInterest"":0.0}],""category"":""RetailBilled"",""totalComputedInterest"":0,""currentAccruedInterest"":0,""accrualInterestCategory"":""accruedInterestRetailBilled"",""previousAccruedInterestTillDate"":0},{""name"":""RETAILUNBILLEDINT"",""breakUp"":[{""toDate"":""2021-09-20"",""balance"":3140.0,""rateUri"":""/tenants/172097/rateSpecificationCodes/ECOMINTERESTSILVERCARD?version=1"",""fromDate"":""2021-09-20"",""daysInYear"":365,""applicableRate"":38.0,""computedInterest"":3.269041095890411},{""toDate"":""2021-09-21"",""balance"":9140.0,""rateUri"":""/tenants/172097/rateSpecificationCodes/ECOMINTERESTSILVERCARD?version=1"",""fromDate"":""2021-09-21"",""daysInYear"":365,""applicableRate"":38.0,""computedInterest"":9.515616438356165}],""category"":""RetailUnbilled"",""totalComputedInterest"":13,""currentAccruedInterest"":13,""accrualInterestCategory"":""accruedInterestRetailUnbilled"",""previousAccruedInterestTillDate"":0},{""name"":""CASHBILLEDINT"",""breakUp"":[{""toDate"":""2021-09-21"",""balance"":0.0,""fromDate"":""2021-09-20"",""daysInYear"":365,""applicableRate"":0.0,""computedInterest"":0.0}],""category"":""CashBilled"",""totalComputedInterest"":0,""currentAccruedInterest"":0,""accrualInterestCategory"":""accruedInterestCashBilled"",""previousAccruedInterestTillDate"":0},{""name"":""CASHUNBILLEDINT"",""breakUp"":[{""toDate"":""2021-09-20"",""balance"":3490.0,""rateUri"":""/tenants/172097/rateSpecificationCodes/CASHINTERESTSILVERCARD?version=1"",""fromDate"":""2021-09-20"",""daysInYear"":365,""applicableRate"":45.0,""computedInterest"":4.302739726027397},{""toDate"":""2021-09-21"",""balance"":8190.0,""rateUri"":""/tenants/172097/rateSpecificationCodes/CASHINTERESTSILVERCARD?version=1"",""fromDate"":""2021-09-21"",""daysInYear"":365,""applicableRate"":45.0,""computedInterest"":10.097260273972603}],""category"":""CashUnbilled"",""totalComputedInterest"":14,""currentAccruedInterest"":14,""accrualInterestCategory"":""accruedInterestCashUnbilled"",""previousAccruedInterestTillDate"":0}]},""transactionTime"":1632182400000}","{""accrualCycle"":""4683349824565188006"",""dontAssessFlag"":false}",
