cardreferencenumber,cardholdergender,cardholdername,nameoncard,employeeid,companyid,firstname,middlename,lastname,embossingname,salutation,additionallineoncard,phonenumber,emailaddress,deliveryaddressline1,deliveryaddressline2,deliveryaddressline3,deliveryaddressline4,deliveryaddressstate,deliveryaddresscountry,deliveryaddresspincode,deliveryaddresscity,deliveryaddressphoneno,deliveryaddressmobileno,deliveryaddressemail,dispatchpin,clientorderid,clientordercreatorid,clientid,clientname,status,card6x4,embossingfilename,cardid,startdatemonth,startdateseparator,startdateyear,expirydatemonth,expirydateseparator,expirydateyear,addressline1,addressline2,addressline3,addressline4,pincode,city,state,country,embossingthirdline,embossingfourthline,plasticcode,productcode,templateid,cardskuid,requesttimestamp,ispersonalized,clientcardid,recordid,orderid,deliveryaddressname,_load_ts_ms,vendorid,batchid,groupid,scheduleinstanceid,issuancetype,additionalattributes,notificationurls,files,vendorresponse,cdc_source_ts_ms,cdc_op
104661806595,,,,,,,,,,,,,,,,,,,,,,,,,False,ce23c393-22c2-4bb2-b7f5-226856b02936,Mumbai,rupay-embossing,,CARD_DATA_PERSISTED,989898-xxxxxx-4580,,,1,/,23,12,/,25,,,,,,,,,,,WHITEC,RBLZAPPCREDIT,,RBL_VISA_ZAPP_PHY,2023-01-16 12:29:19.270912+00:00,False,0,1,947afd6d-547e-4d5e-be85-795ceb123c40,,1689332304000,,878ddaed-d649-404f-a159-957217a09055,,,NEW_ISSUANCE,"""{}""","""[]""","""{}""","""null""",1683530848675,
144268561839,,,,,,,,,,,,,,,,,,,,,,,,,False,a08a1d82-770d-411f-a2dc-caa838e4660c,Mumbai,rupay-embossing,,CARD_DATA_PERSISTED,989898-xxxxxx-0799,,,1,/,23,12,/,25,,,,,,,,,,,WHITEC,RBLZAPPCREDIT,,RBL_VISA_ZAPP_PHY,2023-01-21 08:24:15.896949+00:00,False,0,1,7c2a988e-e0ec-4860-a191-a08de3642676,,1689332304000,,878ddaed-d649-404f-a159-957217a09055,,,NEW_ISSUANCE,"""{}""","""[]""","""{}""","""null""",1683530848675,
190322418517,,,,,,,,,,,,,,,,,,,,,,,,,False,77448a29-3fcb-4442-9e86-b1d6b7171e98,Mumbai,rupay-embossing,,CARD_DATA_PERSISTED,989898-xxxxxx-4823,,,3,/,23,2,/,26,,,,,,,,,,,WHITEC,RBLZAPPCREDIT,,RBL_VISA_ZAPP_PHY,2023-03-13 13:25:35.116087+00:00,False,0,1,962abbbe-a7a9-422a-9bb1-aad528c1b97d,,1689332304000,,878ddaed-d649-404f-a159-957217a09055,,,NEW_ISSUANCE,"""{}""","""[]""","""{}""","""null""",1683530848675,
124168033801,,,,,,,,,,,,,,,,,,,,,,,,,False,94008110-3877-4eb1-b58d-e284fa8f6bc6,Mumbai,rupay-embossing,,CARD_DATA_PERSISTED,989898-xxxxxx-4624,,,4,/,23,3,/,26,,,,,,,,,,,WHITEC,RBLZAPPCREDIT,,RBL_VISA_ZAPP_PHY,2023-04-10 06:07:01.667099+00:00,False,0,1,3d878284-618a-4a71-a814-8e88d209235c,,1689332304000,,878ddaed-d649-404f-a159-957217a09055,,,NEW_ISSUANCE,"""{}""","""[]""","""{}""","""null""",1683530848675,
174329191597,,,,,,,,,,,,,,,,,,,,,,,,,False,30182b50-f179-4ecb-b2f6-03f5ec45552c,Mumbai,rupay-embossing,,CARD_DATA_PERSISTED,989898-xxxxxx-9644,,,4,/,23,3,/,26,,,,,,,,,,,WHITEC,RBLZAPPCREDIT,,RBL_VISA_ZAPP_PHY,2023-04-10 06:08:25.182667+00:00,False,0,1,f1f10936-30c6-44d6-adcf-af467a9af856,,1689332304000,,878ddaed-d649-404f-a159-957217a09055,,,NEW_ISSUANCE,"""{}""","""[]""","""{}""","""null""",1683530848675,
121984173854,,COA__1441665598567441191__920265,COA__1441665598567441191__920265,,,,,,COA__1441665598567441191__920265,,,,,Directiplex,Near Andheri Subway,Old Nagardas Road,Andheri East,Maharashtra,India,755023,Mumbai,+919090909090,,,False,73691ee2-88da-4684-95a0-166c2740f555FPO,,embossing,,EMBOSSING_FILE_GENERATED,888830-xxxxxx-7777,,,9,/,23,9,/,27,,,,,,,,,COA__1441665598567441191__920265,Joseph,WHITEC,CRPUS003001_LSG,,SKUUS003001_LSG,2023-09-14 15:37:40.276549+00:00,False,0,1,9aa9f392-de68-4897-8235-f66ce5c0a19f,Farzan Shaikh,1695800923000,VENIN00100703,53d78d92-0d8d-4c11-833a-fa25742d8470,SKUUS003001_LSG_VENIN00100703,ee6d5cb9-ee8d-404e-8609-f47436c74511_27_09_2023,NEW_ISSUANCE,"""{\""cashlimit\"":\""30001\"",\""homephone\"":\""9930158052\"",\""landmark1\"":\""mazgaon\"",\""landmark2\"":\""anjeerwadi\"",\""resmailid\"":\""idristinwala53@gmail.com\"",\""trackingId\"":\""00000000000\"",\""creditlimit\"":\""1000001\"",\""officephone\"":\""2307899\"",\""productName\"":\""ZAPPCREDIT\"",\""accountnumber\"":\""30315183\"",\""promodiscount\"":\""999\"",\""officialmailid\"":\""idristi@zeta.tech\""}""","""[]""","""{\""EMBOSSING\"":{\""fileName\"":\""ftp1317-20230927131243.pgp\"",\""backupFileName\"":\""used/88883001/Evolve.EMB.20230927131243.pgp\"",\""fileGenerationTimeStamp\"":\""2023-09-27T07:43:29.926Z[UTC]\""}}""","""null""",1695800610030,
104126586947,,COA__1441665598567441191__038881,COA__1441665598567441191__038881,,,,,,COA__1441665598567441191__038881,,,,,Directiplex,Near Andheri Subway,Old Nagardas Road,Andheri East,Maharashtra,India,755023,Mumbai,+919090909090,,,False,4ba8d502-e444-4091-a7fc-ab0cda1e46e0FPO,,embossing,,EMBOSSING_FILE_GENERATED,888830-xxxxxx-4619,,,9,/,23,9,/,27,,,,,,,,,COA__1441665598567441191__038881,Joseph,WHITEC,CRPUS003001_LSG,,SKUUS003001_LSG,2023-09-14 15:37:55.918495+00:00,False,0,1,28801e88-5035-4213-90a4-46fb98415667,Farzan Shaikh,1695800923000,VENIN00100703,53d78d92-0d8d-4c11-833a-fa25742d8470,SKUUS003001_LSG_VENIN00100703,ee6d5cb9-ee8d-404e-8609-f47436c74511_27_09_2023,NEW_ISSUANCE,"""{\""cashlimit\"":\""30001\"",\""homephone\"":\""9930158052\"",\""landmark1\"":\""mazgaon\"",\""landmark2\"":\""anjeerwadi\"",\""resmailid\"":\""idristinwala53@gmail.com\"",\""trackingId\"":\""00000000000\"",\""creditlimit\"":\""1000001\"",\""officephone\"":\""2307899\"",\""productName\"":\""ZAPPCREDIT\"",\""accountnumber\"":\""30315183\"",\""promodiscount\"":\""999\"",\""officialmailid\"":\""idristi@zeta.tech\""}""","""[]""","""{\""EMBOSSING\"":{\""fileName\"":\""ftp1317-20230927131243.pgp\"",\""backupFileName\"":\""used/88883001/Evolve.EMB.20230927131243.pgp\"",\""fileGenerationTimeStamp\"":\""2023-09-27T07:43:29.926Z[UTC]\""}}""","""null""",1695800610030,
104855087893,,COA__1995340908378242767__857437,COA__1995340908378242767__857437,,,,,,COA__1995340908378242767__857437,,,,,Directiplex,Near Andheri Subway,Old Nagardas Road,Andheri East,Maharashtra,India,755023,Mumbai,+919090909090,,,False,e5d72258-5a7b-423f-b830-919aaa84618fFPO,,embossing,,EMBOSSING_FILE_GENERATED,888830-xxxxxx-1648,,,9,/,23,9,/,27,,,,,,,,,COA__1995340908378242767__857437,Joseph,WHITEC,CRPUS003001_LSG,,SKUUS003001_LSG,2023-09-14 15:39:23.803071+00:00,False,0,1,45e15e63-c3f2-4410-b9b9-64284d8943c1,Farzan Shaikh,1695964924000,VENIN00100703,53d78d92-0d8d-4c11-833a-fa25742d8470,SKUUS003001_LSG_VENIN00100703,ee6d5cb9-ee8d-404e-8609-f47436c74511_29_09_2023,NEW_ISSUANCE,"""{\""cashlimit\"":\""30001\"",\""homephone\"":\""9930158052\"",\""landmark1\"":\""mazgaon\"",\""landmark2\"":\""anjeerwadi\"",\""resmailid\"":\""idristinwala53@gmail.com\"",\""trackingId\"":\""00000000000\"",\""creditlimit\"":\""1000001\"",\""officephone\"":\""2307899\"",\""productName\"":\""ZAPPCREDIT\"",\""accountnumber\"":\""30315183\"",\""promodiscount\"":\""999\"",\""officialmailid\"":\""idristi@zeta.tech\""}""","""[]""","""{\""EMBOSSING\"":{\""fileName\"":\""ftp1317-20230929104644.pgp\"",\""backupFileName\"":\""used/88883001/Evolve.EMB.20230929104644.pgp\"",\""fileGenerationTimeStamp\"":\""2023-09-29T05:17:27.817Z[UTC]\""}}""","""null""",1695964647948,
181612651406,,,,,,,,,,,,,,,,,,,,,,,,,False,7de0e626-7d85-47cb-b81d-1aa90f82b10f,Mumbai,rupay-embossing,,CARD_DATA_PERSISTED,989898-xxxxxx-7475,,,1,/,23,12,/,25,,,,,,,,,,,WHITEC,RBLZAPPCREDIT,,RBL_VISA_ZAPP_PHY,2023-01-18 07:29:48.464470+00:00,False,0,1,c134da96-e615-4b21-aa34-aa403dcef1be,,1689332304000,,878ddaed-d649-404f-a159-957217a09055,,,NEW_ISSUANCE,"""{}""","""[]""","""{}""","""null""",1683530848675,
180501252094,,,,,,,,,,,,,,,,,,,,,,,,,False,46139f92-81fd-40db-800f-d2fc72efb7a1,Mumbai,rupay-embossing,,CARD_DATA_PERSISTED,989898-xxxxxx-8863,,,1,/,23,12,/,25,,,,,,,,,,,WHITEC,RBLZAPPCREDIT,,RBL_VISA_ZAPP_PHY,2023-01-18 12:38:22.078452+00:00,False,0,1,ac2d14e3-cb2c-486e-a6a0-1d3abc23e8dc,,1689332304000,,878ddaed-d649-404f-a159-957217a09055,,,NEW_ISSUANCE,"""{}""","""[]""","""{}""","""null""",1683530848675,
198107002960,,,,,,,,,,,,,,,,,,,,,,,,,False,e3fb6a20-70e1-4f4c-a2c8-7827d1eec501,Mumbai,rupay-embossing,,CARD_DATA_PERSISTED,989898-xxxxxx-2136,,,3,/,23,2,/,26,,,,,,,,,,,WHITEC,RBLZAPPCREDIT,,RBL_VISA_ZAPP_PHY,2023-03-13 13:24:56.838102+00:00,False,0,1,b2142a32-7c48-4388-97cf-385a59c841e3,,1689332304000,,878ddaed-d649-404f-a159-957217a09055,,,NEW_ISSUANCE,"""{}""","""[]""","""{}""","""null""",1683530848675,
189505268676,,,,,,,,,,,,,,,,,,,,,,,,,False,f102ef3e-8d79-4614-8f05-78e1d23374aa,Mumbai,rupay-embossing,,CARD_DATA_PERSISTED,989898-xxxxxx-8063,,,3,/,23,2,/,26,,,,,,,,,,,WHITEC,RBLZAPPCREDIT,,RBL_VISA_ZAPP_PHY,2023-03-13 13:26:48.830253+00:00,False,0,1,d23782c7-1652-4864-a446-ae0871cd60fa,,1689332304000,,878ddaed-d649-404f-a159-957217a09055,,,NEW_ISSUANCE,"""{}""","""[]""","""{}""","""null""",1683530848675,
175059365268,,,,,,,,,,,,,,,,,,,,,,,,,False,ccd72444-9325-479b-8ccf-c6af5afed867,Mumbai,rupay-embossing,,CARD_DATA_PERSISTED,989898-xxxxxx-0069,,,3,/,23,2,/,26,,,,,,,,,,,WHITEC,RBLZAPPCREDIT,,RBL_VISA_ZAPP_PHY,2023-03-15 10:33:10.780502+00:00,False,0,1,1f1afa5e-033b-45c9-aee8-3215b4a2ccfd,,1689332304000,,878ddaed-d649-404f-a159-957217a09055,,,NEW_ISSUANCE,"""{}""","""[]""","""{}""","""null""",1683530848675,
135487845525,,,,,,,,,,,,,,,,,,,,,,,,,False,e611301c-3026-4333-89e4-56117e8adbd6,Mumbai,rupay-embossing,,CARD_DATA_PERSISTED,989898-xxxxxx-9321,,,3,/,23,2,/,26,,,,,,,,,,,WHITEC,RBLZAPPCREDIT,,RBL_VISA_ZAPP_PHY,2023-03-24 09:33:57.165808+00:00,False,0,1,4b205a35-fe96-4af7-9f5f-d07280f08b8f,,1689332304000,,878ddaed-d649-404f-a159-957217a09055,,,NEW_ISSUANCE,"""{}""","""[]""","""{}""","""null""",1683530848675,
162554468099,,,,,,,,,,,,,,,,,,,,,,,,,False,64c510f9-04de-4571-94cd-e5b211ebfd6d,Mumbai,rupay-embossing,,CARD_DATA_PERSISTED,989898-xxxxxx-8788,,,4,/,23,3,/,26,,,,,,,,,,,WHITEC,RBLZAPPCREDIT,,RBL_VISA_ZAPP_PHY,2023-04-10 05:17:24.596904+00:00,False,0,1,dfb820dc-29be-43fc-b95c-e2f108cb2be2,,1689332304000,,878ddaed-d649-404f-a159-957217a09055,,,NEW_ISSUANCE,"""{}""","""[]""","""{}""","""null""",1683530848675,
103637037230,,,,,,,,,,,,,,,,,,,,,,,,,False,c2bdeb73-d75b-401a-8be8-adf5e8a4e0d8,Mumbai,rupay-embossing,,CARD_DATA_PERSISTED,989898-xxxxxx-6424,,,4,/,23,3,/,26,,,,,,,,,,,WHITEC,RBLZAPPCREDIT,,RBL_VISA_ZAPP_PHY,2023-04-10 06:08:04.325883+00:00,False,0,1,23a6dd6b-040f-4134-b89a-916253c827d9,,1689332304000,,878ddaed-d649-404f-a159-957217a09055,,,NEW_ISSUANCE,"""{}""","""[]""","""{}""","""null""",1683530848675,
109979584248,,,,,,,,,,,,,,,,,,,,,,,,,False,74791acd-8548-46a9-8e6c-0ea718238abc,Mumbai,rupay-embossing,,CARD_DATA_PERSISTED,989898-xxxxxx-9213,,,4,/,23,3,/,26,,,,,,,,,,,WHITEC,RBLZAPPCREDIT,,RBL_VISA_ZAPP_PHY,2023-04-23 07:25:09.074622+00:00,False,0,1,5624d1ff-2218-40a6-8ce3-bd534cc5fb09,,1689332304000,,878ddaed-d649-404f-a159-957217a09055,,,NEW_ISSUANCE,"""{}""","""[]""","""{}""","""null""",1683530848675,
197420353529,,COA__1441665598567441191__435729,COA__1441665598567441191__435729,,,,,,COA__1441665598567441191__435729,,,,,Directiplex,Near Andheri Subway,Old Nagardas Road,Andheri East,Maharashtra,India,755023,Mumbai,+919090909090,,,False,acc725c4-f751-4d5e-8e9f-127be48ff204FPO,,embossing,,EMBOSSING_FILE_GENERATED,888830-xxxxxx-8719,,,9,/,23,9,/,27,,,,,,,,,COA__1441665598567441191__435729,Joseph,WHITEC,CRPUS003001_LSG,,SKUUS003001_LSG,2023-09-14 15:37:40.797126+00:00,False,0,1,3e04d3a5-b494-4f9b-be48-e25b7ad9e4ab,Farzan Shaikh,1695800923000,VENIN00100703,53d78d92-0d8d-4c11-833a-fa25742d8470,SKUUS003001_LSG_VENIN00100703,ee6d5cb9-ee8d-404e-8609-f47436c74511_27_09_2023,NEW_ISSUANCE,"""{\""cashlimit\"":\""30001\"",\""homephone\"":\""9930158052\"",\""landmark1\"":\""mazgaon\"",\""landmark2\"":\""anjeerwadi\"",\""resmailid\"":\""idristinwala53@gmail.com\"",\""trackingId\"":\""00000000000\"",\""creditlimit\"":\""1000001\"",\""officephone\"":\""2307899\"",\""productName\"":\""ZAPPCREDIT\"",\""accountnumber\"":\""30315183\"",\""promodiscount\"":\""999\"",\""officialmailid\"":\""idristi@zeta.tech\""}""","""[]""","""{\""EMBOSSING\"":{\""fileName\"":\""ftp1317-20230927131243.pgp\"",\""backupFileName\"":\""used/88883001/Evolve.EMB.20230927131243.pgp\"",\""fileGenerationTimeStamp\"":\""2023-09-27T07:43:29.926Z[UTC]\""}}""","""null""",1695800610030,
178522321274,,,,,,,,,,,,,,,,,,,,,,,,,False,5da42c8b-36e0-499e-a507-3216f32b853b,Mumbai,rupay-embossing,,CARD_DATA_PERSISTED,989898-xxxxxx-8655,,,1,/,23,12,/,25,,,,,,,,,,,WHITEC,RBLZAPPCREDIT,,RBL_VISA_ZAPP_PHY,2023-01-18 07:44:36.542887+00:00,False,0,1,d0b56f43-3494-476e-87e2-e611112f4549,,1689332304000,,878ddaed-d649-404f-a159-957217a09055,,,NEW_ISSUANCE,"""{}""","""[]""","""{}""","""null""",1683530848675,
171249926289,,,,,,,,,,,,,,,,,,,,,,,,,False,87381b37-8c4a-468e-a205-4bdcc57a0446,Mumbai,rupay-embossing,,CARD_DATA_PERSISTED,989898-xxxxxx-3660,,,3,/,23,2,/,26,,,,,,,,,,,WHITEC,RBLZAPPCREDIT,,RBL_VISA_ZAPP_PHY,2023-03-13 12:51:09.629890+00:00,False,0,1,043db1f6-5b24-4098-9d1f-e06257a60ea6,,1689332304000,,878ddaed-d649-404f-a159-957217a09055,,,NEW_ISSUANCE,"""{}""","""[]""","""{}""","""null""",1683530848675,
125814292731,,,,,,,,,,,,,,,,,,,,,,,,,False,30dd19b2-acc1-4344-9dce-3bf6e63ec598,Mumbai,rupay-embossing,,CARD_DATA_PERSISTED,989898-xxxxxx-7818,,,3,/,23,2,/,26,,,,,,,,,,,WHITEC,RBLZAPPCREDIT,,RBL_VISA_ZAPP_PHY,2023-03-14 11:52:15.493361+00:00,False,0,1,24699d4d-c521-4aff-806e-9911cc181721,,1689332304000,,878ddaed-d649-404f-a159-957217a09055,,,NEW_ISSUANCE,"""{}""","""[]""","""{}""","""null""",1683530848675,
189980540599,,,,,,,,,,,,,,,,,,,,,,,,,False,42322c20-4256-44fe-9fd4-0a9263bf022b,Mumbai,rupay-embossing,,CARD_DATA_PERSISTED,989898-xxxxxx-0207,,,3,/,23,2,/,26,,,,,,,,,,,WHITEC,RBLZAPPCREDIT,,RBL_VISA_ZAPP_PHY,2023-03-15 09:31:24.608335+00:00,False,0,1,5b98456e-5cfc-40c7-867e-f2ad886c80a7,,1689332304000,,878ddaed-d649-404f-a159-957217a09055,,,NEW_ISSUANCE,"""{}""","""[]""","""{}""","""null""",1683530848675,
136110452936,,,,,,,,,,,,,,,,,,,,,,,,,False,902442cb-c693-4c80-9eb6-0529496c30bc,Mumbai,rupay-embossing,,CARD_DATA_PERSISTED,989898-xxxxxx-4640,,,3,/,23,2,/,26,,,,,,,,,,,WHITEC,RBLZAPPCREDIT,,RBL_VISA_ZAPP_PHY,2023-03-24 04:04:39.354039+00:00,False,0,1,ac5e72bf-e60e-47c1-abc1-93e67bd410c7,,1689332304000,,878ddaed-d649-404f-a159-957217a09055,,,NEW_ISSUANCE,"""{}""","""[]""","""{}""","""null""",1683530848675,
158793326916,,,,,,,,,,,,,,,,,,,,,,,,,False,2bbe754a-9994-489d-b774-67280b371db3,Mumbai,rupay-embossing,,CARD_DATA_PERSISTED,989898-xxxxxx-7187,,,3,/,23,2,/,26,,,,,,,,,,,WHITEC,RBLZAPPCREDIT,,RBL_VISA_ZAPP_PHY,2023-03-24 04:08:58.888612+00:00,False,0,1,6f7ff44d-2356-4b6b-9d43-3d5eefec5ceb,,1689332304000,,878ddaed-d649-404f-a159-957217a09055,,,NEW_ISSUANCE,"""{}""","""[]""","""{}""","""null""",1683530848675,
123552833842,,,,,,,,,,,,,,,,,,,,,,,,,False,e280de6c-2a62-4b19-a864-a6e57061ed04,Mumbai,rupay-embossing,,CARD_DATA_PERSISTED,989898-xxxxxx-9717,,,3,/,23,2,/,26,,,,,,,,,,,WHITEC,RBLZAPPCREDIT,,RBL_VISA_ZAPP_PHY,2023-03-24 04:14:05.886210+00:00,False,0,1,eada53a1-49a1-48b2-a23e-dff3a2d7d3c4,,1689332304000,,878ddaed-d649-404f-a159-957217a09055,,,NEW_ISSUANCE,"""{}""","""[]""","""{}""","""null""",1683530848675,
129474383042,,,,,,,,,,,,,,,,,,,,,,,,,False,8b298eb4-b629-492f-b013-52c3e7f49cca,Mumbai,rupay-embossing,,CARD_DATA_PERSISTED,989898-xxxxxx-4767,,,4,/,23,3,/,26,,,,,,,,,,,WHITEC,RBLZAPPCREDIT,,RBL_VISA_ZAPP_PHY,2023-04-12 13:39:18.811270+00:00,False,0,1,8b4bb86f-6eb8-4eb8-87ee-a20221ff4ec3,,1689332304000,,878ddaed-d649-404f-a159-957217a09055,,,NEW_ISSUANCE,"""{}""","""[]""","""{}""","""null""",1683530848675,
175056635093,,,,,,,,,,,,,,,,,,,,,,,,,False,230b8207-171a-4035-ba85-4cb1dba7d755,Mumbai,rupay-embossing,,CARD_DATA_PERSISTED,989898-xxxxxx-1211,,,4,/,23,3,/,26,,,,,,,,,,,WHITEC,RBLZAPPCREDIT,,RBL_VISA_ZAPP_PHY,2023-04-23 07:26:05.209750+00:00,False,0,1,4f71eacd-cf95-4895-925b-86214fb5cfd7,,1689332304000,,878ddaed-d649-404f-a159-957217a09055,,,NEW_ISSUANCE,"""{}""","""[]""","""{}""","""null""",1683530848675,
191235389041,,,,,,,,,,,,,,,,,,,,,,,,,False,9b09bfc3-eacd-4eb3-9d35-d9fd49c87b30,Mumbai,rupay-embossing,,CARD_DATA_PERSISTED,989898-xxxxxx-1287,,,4,/,23,3,/,26,,,,,,,,,,,WHITEC,RBLZAPPCREDIT,,RBL_VISA_ZAPP_PHY,2023-04-23 11:34:24.224693+00:00,False,0,1,27233f0b-1637-495f-b7bb-6b736d2d15f1,,1689332304000,,878ddaed-d649-404f-a159-957217a09055,,,NEW_ISSUANCE,"""{}""","""[]""","""{}""","""null""",1683530848675,
154656034814,,COA__1441665598567441191__458349,COA__1441665598567441191__458349,,,,,,COA__1441665598567441191__458349,,,,,Directiplex,Near Andheri Subway,Old Nagardas Road,Andheri East,Maharashtra,India,755023,Mumbai,+919090909090,,,False,32f0dc97-61f9-4fc9-af9a-fd08a0991dfeFPO,,embossing,,EMBOSSING_FILE_GENERATED,888830-xxxxxx-5021,,,9,/,23,9,/,27,,,,,,,,,COA__1441665598567441191__458349,Joseph,WHITEC,CRPUS003001_LSG,,SKUUS003001_LSG,2023-09-14 15:37:39.150130+00:00,False,0,1,d2ae98b3-0de4-4d4d-9608-c31651a2c58d,Farzan Shaikh,1695800923000,VENIN00100703,53d78d92-0d8d-4c11-833a-fa25742d8470,SKUUS003001_LSG_VENIN00100703,ee6d5cb9-ee8d-404e-8609-f47436c74511_27_09_2023,NEW_ISSUANCE,"""{\""cashlimit\"":\""30001\"",\""homephone\"":\""9930158052\"",\""landmark1\"":\""mazgaon\"",\""landmark2\"":\""anjeerwadi\"",\""resmailid\"":\""idristinwala53@gmail.com\"",\""trackingId\"":\""00000000000\"",\""creditlimit\"":\""1000001\"",\""officephone\"":\""2307899\"",\""productName\"":\""ZAPPCREDIT\"",\""accountnumber\"":\""30315183\"",\""promodiscount\"":\""999\"",\""officialmailid\"":\""idristi@zeta.tech\""}""","""[]""","""{\""EMBOSSING\"":{\""fileName\"":\""ftp1317-20230927131243.pgp\"",\""backupFileName\"":\""used/88883001/Evolve.EMB.20230927131243.pgp\"",\""fileGenerationTimeStamp\"":\""2023-09-27T07:43:29.926Z[UTC]\""}}""","""null""",1695800610030,
165167190354,,COA__1441665598567441191__977087,COA__1441665598567441191__977087,,,,,,COA__1441665598567441191__977087,,,,,Directiplex,Near Andheri Subway,Old Nagardas Road,Andheri East,Maharashtra,India,755023,Mumbai,+919090909090,,,False,83657b13-7198-4e04-b2e6-4ff2ee6784c8FPO,,embossing,,EMBOSSING_FILE_GENERATED,888830-xxxxxx-9904,,,9,/,23,9,/,27,,,,,,,,,COA__1441665598567441191__977087,Joseph,WHITEC,CRPUS003001_LSG,,SKUUS003001_LSG,2023-09-14 15:37:42.443584+00:00,False,0,1,a4df1281-032c-4aa0-be46-2615b6015304,Farzan Shaikh,1695800923000,VENIN00100703,53d78d92-0d8d-4c11-833a-fa25742d8470,SKUUS003001_LSG_VENIN00100703,ee6d5cb9-ee8d-404e-8609-f47436c74511_27_09_2023,NEW_ISSUANCE,"""{\""cashlimit\"":\""30001\"",\""homephone\"":\""9930158052\"",\""landmark1\"":\""mazgaon\"",\""landmark2\"":\""anjeerwadi\"",\""resmailid\"":\""idristinwala53@gmail.com\"",\""trackingId\"":\""00000000000\"",\""creditlimit\"":\""1000001\"",\""officephone\"":\""2307899\"",\""productName\"":\""ZAPPCREDIT\"",\""accountnumber\"":\""30315183\"",\""promodiscount\"":\""999\"",\""officialmailid\"":\""idristi@zeta.tech\""}""","""[]""","""{\""EMBOSSING\"":{\""fileName\"":\""ftp1317-20230927131243.pgp\"",\""backupFileName\"":\""used/88883001/Evolve.EMB.20230927131243.pgp\"",\""fileGenerationTimeStamp\"":\""2023-09-27T07:43:29.926Z[UTC]\""}}""","""null""",1695800610030,
171945846140,,COA__1441665598567441191__846947,COA__1441665598567441191__846947,,,,,,COA__1441665598567441191__846947,,,,,Directiplex,Near Andheri Subway,Old Nagardas Road,Andheri East,Maharashtra,India,755023,Mumbai,+919090909090,,,False,0aec3aea-e046-4b2e-be61-de6847091e50FPO,,embossing,,EMBOSSING_FILE_GENERATED,888830-xxxxxx-4555,,,9,/,23,9,/,27,,,,,,,,,COA__1441665598567441191__846947,Joseph,WHITEC,CRPUS003001_LSG,,SKUUS003001_LSG,2023-09-14 15:37:45.613889+00:00,False,0,1,3f5f1364-1a0c-477d-be2f-6399c49492d6,Farzan Shaikh,1695800923000,VENIN00100703,53d78d92-0d8d-4c11-833a-fa25742d8470,SKUUS003001_LSG_VENIN00100703,ee6d5cb9-ee8d-404e-8609-f47436c74511_27_09_2023,NEW_ISSUANCE,"""{\""cashlimit\"":\""30001\"",\""homephone\"":\""9930158052\"",\""landmark1\"":\""mazgaon\"",\""landmark2\"":\""anjeerwadi\"",\""resmailid\"":\""idristinwala53@gmail.com\"",\""trackingId\"":\""00000000000\"",\""creditlimit\"":\""1000001\"",\""officephone\"":\""2307899\"",\""productName\"":\""ZAPPCREDIT\"",\""accountnumber\"":\""30315183\"",\""promodiscount\"":\""999\"",\""officialmailid\"":\""idristi@zeta.tech\""}""","""[]""","""{\""EMBOSSING\"":{\""fileName\"":\""ftp1317-20230927131243.pgp\"",\""backupFileName\"":\""used/88883001/Evolve.EMB.20230927131243.pgp\"",\""fileGenerationTimeStamp\"":\""2023-09-27T07:43:29.926Z[UTC]\""}}""","""null""",1695800610030,
194773636418,,COA__1441665598567441191__243574,COA__1441665598567441191__243574,,,,,,COA__1441665598567441191__243574,,,,,Directiplex,Near Andheri Subway,Old Nagardas Road,Andheri East,Maharashtra,India,755023,Mumbai,+919090909090,,,False,e2c79c0e-17dc-444a-9f5d-8e25a8af6458FPO,,embossing,,EMBOSSING_FILE_GENERATED,888830-xxxxxx-5398,,,9,/,23,9,/,27,,,,,,,,,COA__1441665598567441191__243574,Joseph,WHITEC,CRPUS003001_LSG,,SKUUS003001_LSG,2023-09-14 15:38:16.313045+00:00,False,0,1,2292749a-3681-43fb-950f-518a1fc3acf2,Farzan Shaikh,1695800923000,VENIN00100703,53d78d92-0d8d-4c11-833a-fa25742d8470,SKUUS003001_LSG_VENIN00100703,ee6d5cb9-ee8d-404e-8609-f47436c74511_27_09_2023,NEW_ISSUANCE,"""{\""cashlimit\"":\""30001\"",\""homephone\"":\""9930158052\"",\""landmark1\"":\""mazgaon\"",\""landmark2\"":\""anjeerwadi\"",\""resmailid\"":\""idristinwala53@gmail.com\"",\""trackingId\"":\""00000000000\"",\""creditlimit\"":\""1000001\"",\""officephone\"":\""2307899\"",\""productName\"":\""ZAPPCREDIT\"",\""accountnumber\"":\""30315183\"",\""promodiscount\"":\""999\"",\""officialmailid\"":\""idristi@zeta.tech\""}""","""[]""","""{\""EMBOSSING\"":{\""fileName\"":\""ftp1317-20230927131243.pgp\"",\""backupFileName\"":\""used/88883001/Evolve.EMB.20230927131243.pgp\"",\""fileGenerationTimeStamp\"":\""2023-09-27T07:43:29.926Z[UTC]\""}}""","""null""",1695800610030,
143891776247,,COA__1441665598567441191__368670,COA__1441665598567441191__368670,,,,,,COA__1441665598567441191__368670,,,,,Directiplex,Near Andheri Subway,Old Nagardas Road,Andheri East,Maharashtra,India,755023,Mumbai,+919090909090,,,False,c4f043d2-4f32-4a69-874f-93418b282f36FPO,,embossing,,EMBOSSING_FILE_GENERATED,888830-xxxxxx-9650,,,9,/,23,9,/,27,,,,,,,,,COA__1441665598567441191__368670,Joseph,WHITEC,CRPUS003001_LSG,,SKUUS003001_LSG,2023-09-14 15:38:16.965481+00:00,False,0,1,8b218d6c-9e10-4818-82a1-941d2a999206,Farzan Shaikh,1695800923000,VENIN00100703,53d78d92-0d8d-4c11-833a-fa25742d8470,SKUUS003001_LSG_VENIN00100703,ee6d5cb9-ee8d-404e-8609-f47436c74511_27_09_2023,NEW_ISSUANCE,"""{\""cashlimit\"":\""30001\"",\""homephone\"":\""9930158052\"",\""landmark1\"":\""mazgaon\"",\""landmark2\"":\""anjeerwadi\"",\""resmailid\"":\""idristinwala53@gmail.com\"",\""trackingId\"":\""00000000000\"",\""creditlimit\"":\""1000001\"",\""officephone\"":\""2307899\"",\""productName\"":\""ZAPPCREDIT\"",\""accountnumber\"":\""30315183\"",\""promodiscount\"":\""999\"",\""officialmailid\"":\""idristi@zeta.tech\""}""","""[]""","""{\""EMBOSSING\"":{\""fileName\"":\""ftp1317-20230927131243.pgp\"",\""backupFileName\"":\""used/88883001/Evolve.EMB.20230927131243.pgp\"",\""fileGenerationTimeStamp\"":\""2023-09-27T07:43:29.926Z[UTC]\""}}""","""null""",1695800610030,
139721631556,,COA__1995340908378242767__990863,COA__1995340908378242767__990863,,,,,,COA__1995340908378242767__990863,,,,,Directiplex,Near Andheri Subway,Old Nagardas Road,Andheri East,Maharashtra,India,755023,Mumbai,+919090909090,,,False,cb7ffeea-a172-4549-b3bd-e623d908cdedFPO,,embossing,,EMBOSSING_FILE_GENERATED,888830-xxxxxx-9758,,,10,/,23,10,/,27,,,,,,,,,COA__1995340908378242767__990863,Joseph,WHITEC,CRPUS003001_LSG,,SKUUS003001_LSG,2023-09-15 01:37:36.465649+00:00,False,0,1,db75eb82-0826-41a8-aaac-97a5534bc7c0,Farzan Shaikh,1697463453000,VENIN00100703,53d78d92-0d8d-4c11-833a-fa25742d8470,SKUUS003001_LSG_VENIN00100703,ee6d5cb9-ee8d-404e-8609-f47436c74511_16_10_2023,NEW_ISSUANCE,"""{\""cashlimit\"":\""30001\"",\""homephone\"":\""9930158052\"",\""landmark1\"":\""mazgaon\"",\""landmark2\"":\""anjeerwadi\"",\""resmailid\"":\""idristinwala53@gmail.com\"",\""trackingId\"":\""00000000000\"",\""creditlimit\"":\""1000001\"",\""officephone\"":\""2307899\"",\""productName\"":\""ZAPPCREDIT\"",\""accountnumber\"":\""30315183\"",\""promodiscount\"":\""999\"",\""officialmailid\"":\""idristi@zeta.tech\""}""","""[]""","""{\""EMBOSSING\"":{\""fileName\"":\""ftp1317-20231016190015.pgp\"",\""backupFileName\"":\""used/88883001/Evolve.EMB.20231016190015.pgp\"",\""fileGenerationTimeStamp\"":\""2023-10-16T13:30:25.205Z[UTC]\""}}""","""null""",1697463025232,
168402036958,,,,,,,,,,,,,,,,,,,,,,,,,False,3dcdd42e-7a6b-408a-a1cc-9e14a0e8a7ee,Mumbai,rupay-embossing,,CARD_DATA_PERSISTED,989898-xxxxxx-2919,,,3,/,23,2,/,26,,,,,,,,,,,WHITEC,RBLZAPPCREDIT,,RBL_VISA_ZAPP_PHY,2023-03-24 04:12:36.663161+00:00,False,0,1,71d991ab-a42b-44a5-b06f-ebeeb76193aa,,1689332304000,,878ddaed-d649-404f-a159-957217a09055,,,NEW_ISSUANCE,"""{}""","""[]""","""{}""","""null""",1683530848675,
138266901284,,,,,,,,,,,,,,,,,,,,,,,,,False,360b1ab7-32c0-445d-a116-58a2b6e62421,Mumbai,rupay-embossing,,CARD_DATA_PERSISTED,989898-xxxxxx-4038,,,3,/,23,2,/,26,,,,,,,,,,,WHITEC,RBLZAPPCREDIT,,RBL_VISA_ZAPP_PHY,2023-03-24 09:32:42.182179+00:00,False,0,1,5061c6f2-828d-427d-9f21-edab061a9907,,1689332304000,,878ddaed-d649-404f-a159-957217a09055,,,NEW_ISSUANCE,"""{}""","""[]""","""{}""","""null""",1683530848675,
188136529185,,,,,,,,,,,,,,,,,,,,,,,,,False,22ed55f6-db10-447d-8e53-138926e9f526,Mumbai,rupay-embossing,,CARD_DATA_PERSISTED,989898-xxxxxx-0478,,,4,/,23,3,/,26,,,,,,,,,,,WHITEC,RBLZAPPCREDIT,,RBL_VISA_ZAPP_PHY,2023-04-10 06:08:11.884142+00:00,False,0,1,e351a9c8-5a40-4549-9f68-b2dd1315425e,,1689332304000,,878ddaed-d649-404f-a159-957217a09055,,,NEW_ISSUANCE,"""{}""","""[]""","""{}""","""null""",1683530848675,
146734851934,,,,,,,,,,,,,,,,,,,,,,,,,False,a31ce753-bc81-4f3e-a09d-df70b3f4fa52,Mumbai,rupay-embossing,,CARD_DATA_PERSISTED,989898-xxxxxx-6606,,,4,/,23,3,/,26,,,,,,,,,,,WHITEC,RBLZAPPCREDIT,,RBL_VISA_ZAPP_PHY,2023-04-22 12:59:40.845387+00:00,False,0,1,e71fc08b-fbe4-47cd-b7db-4c44689aa81f,,1689332304000,,878ddaed-d649-404f-a159-957217a09055,,,NEW_ISSUANCE,"""{}""","""[]""","""{}""","""null""",1683530848675,
117086146503,,COA__1441665598567441191__430429,COA__1441665598567441191__430429,,,,,,COA__1441665598567441191__430429,,,,,Directiplex,Near Andheri Subway,Old Nagardas Road,Andheri East,Maharashtra,India,755023,Mumbai,+919090909090,,,False,bb1c7bbb-b09e-45dc-b2cc-f319fe7bffbbFPO,,embossing,,EMBOSSING_FILE_GENERATED,888830-xxxxxx-1126,,,9,/,23,9,/,27,,,,,,,,,COA__1441665598567441191__430429,Joseph,WHITEC,CRPUS003001_LSG,,SKUUS003001_LSG,2023-09-14 15:37:28.269167+00:00,False,0,1,f5b5c5ac-91fe-4a73-9327-5cdbca1b2712,Farzan Shaikh,1695797413000,VENIN00100703,53d78d92-0d8d-4c11-833a-fa25742d8470,SKUUS003001_LSG_VENIN00100703,ee6d5cb9-ee8d-404e-8609-f47436c74511_27_09_2023,NEW_ISSUANCE,"""{\""cashlimit\"":\""30001\"",\""homephone\"":\""9930158052\"",\""landmark1\"":\""mazgaon\"",\""landmark2\"":\""anjeerwadi\"",\""resmailid\"":\""idristinwala53@gmail.com\"",\""trackingId\"":\""00000000000\"",\""creditlimit\"":\""1000001\"",\""officephone\"":\""2307899\"",\""productName\"":\""ZAPPCREDIT\"",\""accountnumber\"":\""30315183\"",\""promodiscount\"":\""999\"",\""officialmailid\"":\""idristi@zeta.tech\""}""","""[]""","""{\""EMBOSSING\"":{\""fileName\"":\""ftp1317-20230927121236.pgp\"",\""backupFileName\"":\""used/88883001/Evolve.EMB.20230927121236.pgp\"",\""fileGenerationTimeStamp\"":\""2023-09-27T06:43:58.922Z[UTC]\""}}""","""null""",1695797039056,
153863287861,,COA__1441665598567441191__380956,COA__1441665598567441191__380956,,,,,,COA__1441665598567441191__380956,,,,,Directiplex,Near Andheri Subway,Old Nagardas Road,Andheri East,Maharashtra,India,755023,Mumbai,+919090909090,,,False,d17d645d-15bb-4e35-9a2d-375378405651FPO,,embossing,,EMBOSSING_FILE_GENERATED,888830-xxxxxx-4337,,,9,/,23,9,/,27,,,,,,,,,COA__1441665598567441191__380956,Joseph,WHITEC,CRPUS003001_LSG,,SKUUS003001_LSG,2023-09-14 15:37:39.733362+00:00,False,0,1,2b3cc572-d7d9-4339-8974-f5f00cb22a58,Farzan Shaikh,1695800923000,VENIN00100703,53d78d92-0d8d-4c11-833a-fa25742d8470,SKUUS003001_LSG_VENIN00100703,ee6d5cb9-ee8d-404e-8609-f47436c74511_27_09_2023,NEW_ISSUANCE,"""{\""cashlimit\"":\""30001\"",\""homephone\"":\""9930158052\"",\""landmark1\"":\""mazgaon\"",\""landmark2\"":\""anjeerwadi\"",\""resmailid\"":\""idristinwala53@gmail.com\"",\""trackingId\"":\""00000000000\"",\""creditlimit\"":\""1000001\"",\""officephone\"":\""2307899\"",\""productName\"":\""ZAPPCREDIT\"",\""accountnumber\"":\""30315183\"",\""promodiscount\"":\""999\"",\""officialmailid\"":\""idristi@zeta.tech\""}""","""[]""","""{\""EMBOSSING\"":{\""fileName\"":\""ftp1317-20230927131243.pgp\"",\""backupFileName\"":\""used/88883001/Evolve.EMB.20230927131243.pgp\"",\""fileGenerationTimeStamp\"":\""2023-09-27T07:43:29.926Z[UTC]\""}}""","""null""",1695800610030,
197674295705,,COA__1995340908378242767__196884,COA__1995340908378242767__196884,,,,,,COA__1995340908378242767__196884,,,,,Directiplex,Near Andheri Subway,Old Nagardas Road,Andheri East,Maharashtra,India,755023,Mumbai,+919090909090,,,False,1b6209f4-6cb0-4807-883e-ddbd9aebb947FPO,,embossing,,EMBOSSING_FILE_GENERATED,888830-xxxxxx-7694,,,10,/,23,10,/,27,,,,,,,,,COA__1995340908378242767__196884,Joseph,WHITEC,CRPUS003001_LSG,,SKUUS003001_LSG,2023-09-15 01:37:35.818405+00:00,False,0,1,ad10d971-eb13-42dc-aa76-58b90b7e9e4e,Farzan Shaikh,1697463453000,VENIN00100703,53d78d92-0d8d-4c11-833a-fa25742d8470,SKUUS003001_LSG_VENIN00100703,ee6d5cb9-ee8d-404e-8609-f47436c74511_16_10_2023,NEW_ISSUANCE,"""{\""cashlimit\"":\""30001\"",\""homephone\"":\""9930158052\"",\""landmark1\"":\""mazgaon\"",\""landmark2\"":\""anjeerwadi\"",\""resmailid\"":\""idristinwala53@gmail.com\"",\""trackingId\"":\""00000000000\"",\""creditlimit\"":\""1000001\"",\""officephone\"":\""2307899\"",\""productName\"":\""ZAPPCREDIT\"",\""accountnumber\"":\""30315183\"",\""promodiscount\"":\""999\"",\""officialmailid\"":\""idristi@zeta.tech\""}""","""[]""","""{\""EMBOSSING\"":{\""fileName\"":\""ftp1317-20231016190015.pgp\"",\""backupFileName\"":\""used/88883001/Evolve.EMB.20231016190015.pgp\"",\""fileGenerationTimeStamp\"":\""2023-10-16T13:30:25.205Z[UTC]\""}}""","""null""",1697463025232,
173153098579,,COA__1441665598567441191__869131,COA__1441665598567441191__869131,,,,,,COA__1441665598567441191__869131,,,,,Directiplex,Near Andheri Subway,Old Nagardas Road,Andheri East,Maharashtra,India,755023,Mumbai,+919090909090,,,False,5e4a6d5b-fd85-40c4-b615-43458161d07fFPO,,embossing,,EMBOSSING_FILE_GENERATED,888830-xxxxxx-2993,,,9,/,23,9,/,27,,,,,,,,,COA__1441665598567441191__869131,Joseph,WHITEC,CRPUS003001_LSG,,SKUUS003001_LSG,2023-09-14 15:37:41.805970+00:00,False,0,1,e0891455-a0b2-4727-888c-35ec4491a2d3,Farzan Shaikh,1695800923000,VENIN00100703,53d78d92-0d8d-4c11-833a-fa25742d8470,SKUUS003001_LSG_VENIN00100703,ee6d5cb9-ee8d-404e-8609-f47436c74511_27_09_2023,NEW_ISSUANCE,"""{\""cashlimit\"":\""30001\"",\""homephone\"":\""9930158052\"",\""landmark1\"":\""mazgaon\"",\""landmark2\"":\""anjeerwadi\"",\""resmailid\"":\""idristinwala53@gmail.com\"",\""trackingId\"":\""00000000000\"",\""creditlimit\"":\""1000001\"",\""officephone\"":\""2307899\"",\""productName\"":\""ZAPPCREDIT\"",\""accountnumber\"":\""30315183\"",\""promodiscount\"":\""999\"",\""officialmailid\"":\""idristi@zeta.tech\""}""","""[]""","""{\""EMBOSSING\"":{\""fileName\"":\""ftp1317-20230927131243.pgp\"",\""backupFileName\"":\""used/88883001/Evolve.EMB.20230927131243.pgp\"",\""fileGenerationTimeStamp\"":\""2023-09-27T07:43:29.926Z[UTC]\""}}""","""null""",1695800610030,
187800380584,,COA__1995340908378242767__509169,COA__1995340908378242767__509169,,,,,,COA__1995340908378242767__509169,,,,,Directiplex,Near Andheri Subway,Old Nagardas Road,Andheri East,Maharashtra,India,755023,Mumbai,+919090909090,,,False,4483d655-d316-4e8f-9a11-1ec07408fb11FPO,,embossing,,EMBOSSING_FILE_GENERATED,888830-xxxxxx-3257,,,9,/,23,9,/,27,,,,,,,,,COA__1995340908378242767__509169,Joseph,WHITEC,CRPUS003001_LSG,,SKUUS003001_LSG,2023-09-14 15:39:23.229431+00:00,False,0,1,4fe4a719-c916-4e53-9f7b-18845fc60846,Farzan Shaikh,1695964924000,VENIN00100703,53d78d92-0d8d-4c11-833a-fa25742d8470,SKUUS003001_LSG_VENIN00100703,ee6d5cb9-ee8d-404e-8609-f47436c74511_29_09_2023,NEW_ISSUANCE,"""{\""cashlimit\"":\""30001\"",\""homephone\"":\""9930158052\"",\""landmark1\"":\""mazgaon\"",\""landmark2\"":\""anjeerwadi\"",\""resmailid\"":\""idristinwala53@gmail.com\"",\""trackingId\"":\""00000000000\"",\""creditlimit\"":\""1000001\"",\""officephone\"":\""2307899\"",\""productName\"":\""ZAPPCREDIT\"",\""accountnumber\"":\""30315183\"",\""promodiscount\"":\""999\"",\""officialmailid\"":\""idristi@zeta.tech\""}""","""[]""","""{\""EMBOSSING\"":{\""fileName\"":\""ftp1317-20230929104644.pgp\"",\""backupFileName\"":\""used/88883001/Evolve.EMB.20230929104644.pgp\"",\""fileGenerationTimeStamp\"":\""2023-09-29T05:17:27.817Z[UTC]\""}}""","""null""",1695964647948,
154909042812,,,,,,,,,,,,,,,,,,,,,,,,,False,9d1cc1b6-ae86-4725-91ea-5779cd0ad154,Mumbai,rupay-embossing,,CARD_DATA_PERSISTED,989898-xxxxxx-9520,,,10,/,23,9,/,26,,,,,,,,,,,WHITEC,RBLZAPPCREDIT,,RBL_VISA_ZAPP_PHY,2023-10-16 06:16:12.372756+00:00,False,0,1,cc08fec8-4998-425a-b49e-c538ee8c16e6,,1697437337000,,878ddaed-d649-404f-a159-957217a09055,,,NEW_ISSUANCE,"""{}""","""[]""","""{}""","""null""",1697436972808,
131545412110,,COA__1441665598567441191__986306,COA__1441665598567441191__986306,,,,,,COA__1441665598567441191__986306,,,,,Directiplex,Near Andheri Subway,Old Nagardas Road,Andheri East,Maharashtra,India,755023,Mumbai,+919090909090,,,False,24a7bedf-0fba-4853-a763-dc0291b884b1FPO,,embossing,,EMBOSSING_FILE_GENERATED,888830-xxxxxx-2815,,,9,/,23,9,/,27,,,,,,,,,COA__1441665598567441191__986306,Joseph,WHITEC,CRPUS003001_LSG,,SKUUS003001_LSG,2023-09-14 15:38:17.556938+00:00,False,0,1,09cac46e-29dc-4fdf-a025-2c965db4a43b,Farzan Shaikh,1695800923000,VENIN00100703,53d78d92-0d8d-4c11-833a-fa25742d8470,SKUUS003001_LSG_VENIN00100703,ee6d5cb9-ee8d-404e-8609-f47436c74511_27_09_2023,NEW_ISSUANCE,"""{\""cashlimit\"":\""30001\"",\""homephone\"":\""9930158052\"",\""landmark1\"":\""mazgaon\"",\""landmark2\"":\""anjeerwadi\"",\""resmailid\"":\""idristinwala53@gmail.com\"",\""trackingId\"":\""00000000000\"",\""creditlimit\"":\""1000001\"",\""officephone\"":\""2307899\"",\""productName\"":\""ZAPPCREDIT\"",\""accountnumber\"":\""30315183\"",\""promodiscount\"":\""999\"",\""officialmailid\"":\""idristi@zeta.tech\""}""","""[]""","""{\""EMBOSSING\"":{\""fileName\"":\""ftp1317-20230927131243.pgp\"",\""backupFileName\"":\""used/88883001/Evolve.EMB.20230927131243.pgp\"",\""fileGenerationTimeStamp\"":\""2023-09-27T07:43:29.926Z[UTC]\""}}""","""null""",1695800610030,
133910146111,,COA__1995340908378242767__958977,COA__1995340908378242767__958977,,,,,,COA__1995340908378242767__958977,,,,,Directiplex,Near Andheri Subway,Old Nagardas Road,Andheri East,Maharashtra,India,755023,Mumbai,+919090909090,,,False,b3a4619a-92e7-4002-a4ac-e763f70efdedFPO,,embossing,,EMBOSSING_FILE_GENERATED,888830-xxxxxx-2493,,,9,/,23,9,/,27,,,,,,,,,COA__1995340908378242767__958977,Joseph,WHITEC,CRPUS003001_LSG,,SKUUS003001_LSG,2023-09-14 15:39:39.370188+00:00,False,0,1,9a3c5f71-1e14-499f-8812-184a49623a6b,Farzan Shaikh,1695964924000,VENIN00100703,53d78d92-0d8d-4c11-833a-fa25742d8470,SKUUS003001_LSG_VENIN00100703,ee6d5cb9-ee8d-404e-8609-f47436c74511_29_09_2023,NEW_ISSUANCE,"""{\""cashlimit\"":\""30001\"",\""homephone\"":\""9930158052\"",\""landmark1\"":\""mazgaon\"",\""landmark2\"":\""anjeerwadi\"",\""resmailid\"":\""idristinwala53@gmail.com\"",\""trackingId\"":\""00000000000\"",\""creditlimit\"":\""1000001\"",\""officephone\"":\""2307899\"",\""productName\"":\""ZAPPCREDIT\"",\""accountnumber\"":\""30315183\"",\""promodiscount\"":\""999\"",\""officialmailid\"":\""idristi@zeta.tech\""}""","""[]""","""{\""EMBOSSING\"":{\""fileName\"":\""ftp1317-20230929104644.pgp\"",\""backupFileName\"":\""used/88883001/Evolve.EMB.20230929104644.pgp\"",\""fileGenerationTimeStamp\"":\""2023-09-29T05:17:27.817Z[UTC]\""}}""","""null""",1695964647948,
135002526439,,COA__1995340908378242767__459330,COA__1995340908378242767__459330,,,,,,COA__1995340908378242767__459330,,,,,Directiplex,Near Andheri Subway,Old Nagardas Road,Andheri East,Maharashtra,India,755023,Mumbai,+919090909090,,,False,31e478ce-1db7-4fd2-84ac-3bb170f3d24cFPO,,embossing,,EMBOSSING_FILE_GENERATED,888830-xxxxxx-7336,,,10,/,23,10,/,27,,,,,,,,,COA__1995340908378242767__459330,Joseph,WHITEC,CRPUS003001_LSG,,SKUUS003001_LSG,2023-09-15 01:37:35.304426+00:00,False,0,1,faa1527b-d427-4836-9dfd-4baa3c0266bd,Farzan Shaikh,1697463453000,VENIN00100703,53d78d92-0d8d-4c11-833a-fa25742d8470,SKUUS003001_LSG_VENIN00100703,ee6d5cb9-ee8d-404e-8609-f47436c74511_16_10_2023,NEW_ISSUANCE,"""{\""cashlimit\"":\""30001\"",\""homephone\"":\""9930158052\"",\""landmark1\"":\""mazgaon\"",\""landmark2\"":\""anjeerwadi\"",\""resmailid\"":\""idristinwala53@gmail.com\"",\""trackingId\"":\""00000000000\"",\""creditlimit\"":\""1000001\"",\""officephone\"":\""2307899\"",\""productName\"":\""ZAPPCREDIT\"",\""accountnumber\"":\""30315183\"",\""promodiscount\"":\""999\"",\""officialmailid\"":\""idristi@zeta.tech\""}""","""[]""","""{\""EMBOSSING\"":{\""fileName\"":\""ftp1317-20231016190015.pgp\"",\""backupFileName\"":\""used/88883001/Evolve.EMB.20231016190015.pgp\"",\""fileGenerationTimeStamp\"":\""2023-10-16T13:30:25.205Z[UTC]\""}}""","""null""",1697463025232,
172372710054,,,,,,,,,,,,,,,,,,,,,,,,,False,f82e7975-5697-4d9f-9d20-f0bcf5ab5476,Mumbai,rupay-embossing,,CARD_DATA_PERSISTED,989898-xxxxxx-3095,,,10,/,23,9,/,26,,,,,,,,,,,WHITEC,RBLZAPPCREDIT,,RBL_VISA_ZAPP_PHY,2023-10-16 14:13:09.436983+00:00,False,0,1,e9aefee7-f14f-40b3-a214-527321c1f1b1,,1697465979000,,878ddaed-d649-404f-a159-957217a09055,,,NEW_ISSUANCE,"""{}""","""[]""","""{}""","""null""",1697465591643,
