id,tenant_id,type,code,version,name,description,state,flags,body,effective_from,expires_at,attributes,created_at,updated_at,_load_ts_ms,cdc_source_ts_ms,cdc_op
627ca186-f4a4-4c9d-84f2-7bd0ae3dc383,140793,in.zeta.policy.charge.RequestBasedChargePolicy,POLFSRRBL0010,1,Fuel Surcharge Waiver Policy,Fuel Surcharge Waiver Policy by RBL,ENABLED,,"{""chargeType"":""RUBY_FUEL_SURCHARGE_REVERSAL"",""voucherCode"":""RUBY_FUEL_SURCHARGE_REVERSAL"",""modelParameters"":{""variableAmount"":{""range"":{""max"":500.0},""percentage"":1.0}},""reversalVoucherCode"":""RUBY_FUEL_SURCHARGE_REVERSAL_REVERSE"",""chargeSpecificationURI"":""charge-specification://code/CSFSRRBL001/version/4""}",2021-11-23 00:00:00+00:00,2029-11-23 00:00:00+00:00,,2022-01-25 06:11:44.096072+00:00,2022-01-25 06:11:44.096072+00:00,1681731492000,,
f13e1292-ffc6-4b15-8aab-8fd53d444612,140793,in.zeta.ruby.policy.InterestPolicy,INTERESTPOLICYSILVERCARD1234,47,Infinia Credit Product,Tiered interest payable computation model for Silver Card Accounts,ENABLED,,"{""interestRules"":[{""rateTable"":""/tenants/172097/rateSpecificationCodes/ECOMINTERESTSILVERCARD?version=1"",""balanceType"":""DAILY_BALANCE"",""description"":""Interest on Retail Unbilled Balance"",""liquidation"":{""model"":""DeferCurrentIfOpenBalPaidElseBillCurrent"",""interestThreshold"":{""amount"":200.0,""currency"":""INR""},""minInterestToBill"":{""amount"":300.0,""currency"":""INR""},""postingCategories"":{""accrualPostingCategory"":""accruedInterestRetailUnbilled"",""billingPostingCategory"":""RetailInterestUnbilled"",""deferredInterestPostingCategory"":""deferredInterestRetailUnbilled""}},""postingCategory"":""RetailUnbilled"",""interestComponent"":""RETAILUNBILLEDINT""}],""payoffVariance"":{""amount"":100.0,""currency"":""INR""},""interestAccrual"":{""cycle"":""7954098136048249021"",""voucherCode"":""INTEREST_ACCURAL_TEST_9999"",""roundingRule"":""NEAR"",""dayCountMethod"":""ACTUAL/ACTUAL""},""debitEffectiveFrom"":""GreaterOfValueDateAndPrevStatementDate"",""creditEffectiveFrom"":""GreaterOfValueDateAndPrevStatementDate"",""interestLiquidation"":{""liquidationVoucherCode"":""INTEREST_LIQUDATION_TEST_58"",""paymentPostingCategory"":""rePayments""}}",2019-01-01 00:00:00+00:00,2030-12-31 00:00:00+00:00,,2022-01-25 06:18:21.066150+00:00,2022-01-25 06:18:21.066150+00:00,1681731492000,,
64000ce4-5042-45c9-9b70-c6ed2ecf0708,140793,in.zeta.policy.charge.RequestBasedChargePolicy,POLFSRRBL0001,10,Fuel Surcharge Waiver Policy,Fuel Surcharge Waiver Policy by HDFC,ENABLED,,"{""chargeType"":""RUBY_FUEL_SURCHARGE_REVERSAL"",""voucherCode"":""FUEL_SURCHARGE_REVERSAL_TEST"",""modelParameters"":{""variableAmount"":{""range"":{""max"":500.0},""percentage"":1.0}},""reversalVoucherCode"":""FUEL_SURCHARGE_REVERSAL_TEST_REVERSAL"",""chargeSpecificationURI"":""charge-specification://code/CSFSRRBL001/version/5""}",2021-11-23 00:00:00+00:00,2029-11-23 00:00:00+00:00,,2022-01-25 06:23:32.711620+00:00,2022-01-25 06:23:32.711620+00:00,1681731492000,,
79995d83-8b2d-4516-b5fd-6cbe3552c877,140793,in.zeta.ruby.policy.InterestPolicy,INTERESTPOLICYSILVERCARD1234,48,Infinia Credit Product,Tiered interest payable computation model for Silver Card Accounts,ENABLED,,"{""interestRules"":[{""rateTable"":""/tenants/172097/rateSpecificationCodes/ECOMINTERESTSILVERCARD?version=1"",""balanceType"":""DAILY_BALANCE"",""description"":""Interest on Retail Unbilled Balance"",""liquidation"":{""model"":""DeferCurrentIfOpenBalPaidElseBillCurrent"",""interestThreshold"":{""amount"":200.0,""currency"":""INR""},""minInterestToBill"":{""amount"":280.0,""currency"":""INR""},""postingCategories"":{""accrualPostingCategory"":""accruedInterestRetailUnbilled"",""billingPostingCategory"":""RetailInterestUnbilled"",""deferredInterestPostingCategory"":""deferredInterestRetailUnbilled""}},""postingCategory"":""RetailUnbilled"",""interestComponent"":""RETAILUNBILLEDINT""}],""payoffVariance"":{""amount"":100.0,""currency"":""INR""},""interestAccrual"":{""cycle"":""7954098136048249021"",""voucherCode"":""INTEREST_ACCURAL_TEST_9999"",""roundingRule"":""NEAR"",""dayCountMethod"":""ACTUAL/ACTUAL""},""debitEffectiveFrom"":""GreaterOfValueDateAndPrevStatementDate"",""creditEffectiveFrom"":""GreaterOfValueDateAndPrevStatementDate"",""interestLiquidation"":{""liquidationVoucherCode"":""INTEREST_LIQUDATION_TEST_58"",""paymentPostingCategory"":""rePayments""}}",2019-01-01 00:00:00+00:00,2030-12-31 00:00:00+00:00,,2022-01-25 06:33:55.561497+00:00,2022-01-25 06:33:55.561497+00:00,1681731492000,,
b0b45cb9-b753-45cc-9ce6-bed53e65e8fd,172097,in.zeta.policy.charge.EventBasedChargePolicy,UCP1T3Wvt,2,Joining fee policy,Charge policy for  account joining fee,ENABLED,{},"{""voucherCode"":""TC000MR8tv"",""modelParameters"":{""fixedAmount"":{""waiver"":{""amount"":100,""currency"":""INR""},""baseFee"":{""amount"":3000,""currency"":""INR""},""discount"":{""amount"":1000,""currency"":""INR""}}},""allowedEventNames"":[""ACCOUNT_LEDGER_CREATED"",""ACCOUNT_ANNIVERSARY_CREATED"",""ACCOUNT_MIG66O2j_CREATED"",""ACCOUNT_MIGBr3_CREATED""],""chargeSpecificationURI"":""charge-specification://code/UCS1L8oxE/version/1""}",2022-01-25 07:24:45.575000+00:00,2022-01-25 10:44:45.575000+00:00,{},2022-01-25 07:24:45.851748+00:00,2022-01-25 07:24:45.851748+00:00,1681731492000,,
d8088204-2572-48bf-bb97-3cb3cd8093cf,140793,in.zeta.emerald.policy.AccountClosurePolicy,CLOSUREPOL001,2,Smart EMI Closure Policy,Smart EMI Closure Policy,ENABLED,{},"{""allowPreClosure"":true,""preClosureLockIn"":3,""allowCancellation"":true,""includeCatchUpInterest"":true,""coolingPeriodForCancellation"":15,""autoPreClosureThresholdPercentage"":60.0}",2022-01-25 00:00:00+00:00,2030-12-31 00:00:00+00:00,,2022-01-25 07:39:05.622384+00:00,2022-01-25 07:39:05.622384+00:00,1681731492000,,
d0a6a938-b56a-4f4d-9df1-4d14a8b7969c,140793,in.zeta.ruby.policy.InterestPolicy,INTERESTPOLICYSILVERCARD1234,49,Infinia Credit Product,Tiered interest payable computation model for Silver Card Accounts,ENABLED,,"{""interestRules"":[{""rateTable"":""/tenants/172097/rateSpecificationCodes/ECOMINTERESTSILVERCARD?version=1"",""balanceType"":""DAILY_BALANCE"",""description"":""Interest on Retail Unbilled Balance"",""liquidation"":{""model"":""BillUnconditional"",""interestThreshold"":{""amount"":200.0,""currency"":""INR""},""minInterestToBill"":{""amount"":300.0,""currency"":""INR""},""postingCategories"":{""accrualPostingCategory"":""accruedInterestRetailUnbilled"",""billingPostingCategory"":""RetailInterestUnbilled"",""deferredInterestPostingCategory"":""deferredInterestRetailUnbilled""}},""postingCategory"":""RetailUnbilled"",""interestComponent"":""RETAILUNBILLEDINT""}],""payoffVariance"":{""amount"":100.0,""currency"":""INR""},""interestAccrual"":{""cycle"":""7954098136048249021"",""voucherCode"":""INTEREST_ACCURAL_TEST_9999"",""roundingRule"":""NEAR"",""dayCountMethod"":""ACTUAL/ACTUAL""},""debitEffectiveFrom"":""GreaterOfValueDateAndPrevStatementDate"",""creditEffectiveFrom"":""GreaterOfValueDateAndPrevStatementDate"",""interestLiquidation"":{""liquidationVoucherCode"":""INTEREST_LIQUDATION_TEST_58"",""paymentPostingCategory"":""rePayments""}}",2019-01-01 00:00:00+00:00,2030-12-31 00:00:00+00:00,,2022-01-25 08:11:22.948740+00:00,2022-01-25 08:11:22.948740+00:00,1681731492000,,
baa5affa-22c2-4f7d-ac1f-2c06cdf9b5e3,140793,in.zeta.emerald.policy.AccountClosurePolicy,CLOSEPOL001,2,Smart EMI Account Closure Policy,Smart EMI Account Closure Policy,ENABLED,,"{""allowPreClosure"":true,""preClosureLockIn"":11,""allowCancellation"":true,""includeCatchUpInterest"":true,""coolingPeriodForCancellation"":15,""autoPreClosureThresholdPercentage"":60.0}",2022-01-25 00:00:00+00:00,2022-12-21 00:00:00+00:00,,2022-01-25 10:28:04.429102+00:00,2022-01-25 10:28:04.429102+00:00,1681731492000,,
ddb456c7-1c84-4000-910c-a0e575341a91,140793,in.zeta.policy.charge.RequestBasedChargePolicy,POLFSRRBLJan10,3,Fuel Surcharge Waiver Policy,Fuel Surcharge Waiver Policy by HDFC,ENABLED,,"{""chargeType"":""RUBY_FUEL_SURCHARGE_REVERSAL"",""voucherCode"":""RUBY_FUEL_SURCHARGE_REVERSAL"",""modelParameters"":{""variableAmount"":{""range"":{""max"":500.0},""percentage"":1.0}},""reversalVoucherCode"":""FUEL_SURCHARGE_REVERSAL_TEST_REVERSAL"",""chargeSpecificationURI"":""charge-specification://code/CSFSRRBL001/version/5""}",2021-11-23 00:00:00+00:00,2029-11-23 00:00:00+00:00,,2022-01-25 10:34:13.394186+00:00,2022-01-25 10:34:13.394186+00:00,1681731492000,,
38348dc5-89e4-4ab1-8965-c321905c3b39,140793,in.zeta.ruby.policy.StatementPolicy,POLST0000002,3,AB Statement Policy,Statement Policy for Credit Card,ENABLED,,"{""dueDays"":21.0,""graceDays"":5.0,""templateCode"":""CARD_STATEMENT_TEMPLATE_01A"",""payByHolidayTreatment"":""nextWorkingDay"",""allowedStatementCycles2"":[{""dueDate"":0.0,""dueDaysAllowedStatementCycle"":""CYC00001""}],""dueDaysCalculationMethod"":""DueDays"",""physicalStatementThreshold"":100.0}",2021-04-01 00:00:00+00:00,2023-03-31 00:00:00+00:00,,2022-01-25 13:19:13.480391+00:00,2022-01-25 13:19:13.480391+00:00,1681731492000,,
ef0277f5-f8bd-4653-8a53-63a137e90501,172097,in.zeta.policy.charge.EventBasedChargePolicy,UCP1KdRKj,1,Joining fee policy,Charge policy for  account joining fee,ENABLED,{},"{""voucherCode"":""TC000B3UAK"",""modelParameters"":{""fixedAmount"":{""waiver"":{""amount"":1000,""currency"":""INR""},""baseFee"":{""amount"":10000,""currency"":""INR""},""discount"":{""amount"":8000,""currency"":""INR""}}},""allowedEventNames"":[""ACCOUNT_LEDGER_CREATED"",""ACCOUNT_ANNIVERSARY_CREATED"",""ACCOUNT_MIGVwOKP_CREATED""],""chargeSpecificationURI"":""charge-specification://code/UCS1rOyQW/version/1""}",2022-01-26 07:24:59.150000+00:00,2022-01-26 12:24:59.150000+00:00,{},2022-01-26 07:25:02.044128+00:00,2022-01-26 07:25:02.044128+00:00,1681731492000,,
0e46e44c-8e67-4d86-9d54-f103af08ecc4,172097,in.zeta.policy.charge.EventBasedChargePolicy,UCP1KdRKj,2,Joining fee policy,Charge policy for  account joining fee,ENABLED,{},"{""voucherCode"":""TC000B3UAK"",""modelParameters"":{""fixedAmount"":{""waiver"":{""amount"":100,""currency"":""INR""},""baseFee"":{""amount"":3000,""currency"":""INR""},""discount"":{""amount"":1000,""currency"":""INR""}}},""allowedEventNames"":[""ACCOUNT_LEDGER_CREATED"",""ACCOUNT_ANNIVERSARY_CREATED"",""ACCOUNT_MIGVwOKP_CREATED"",""ACCOUNT_MIGx3U_CREATED""],""chargeSpecificationURI"":""charge-specification://code/UCS1rOyQW/version/1""}",2022-01-26 07:25:02.167000+00:00,2022-01-26 10:45:02.167000+00:00,{},2022-01-26 07:25:02.516328+00:00,2022-01-26 07:25:02.516328+00:00,1681731492000,,
10ce4cb4-0de3-4803-80a9-dc54a69e1079,140793,in.zeta.emerald.policy.AmortizationPolicy,AMORPOLICY001,3,Smart EMI Amortization Policy,Smart EMI Amortization Policy,ENABLED,,"{""epiMethod"":""REDUCING_BALANCE"",""paymentType"":""ARREARS"",""reAmortizationType"":""INSTALLMENT"",""installmentFrequency"":""MONTHLY"",""reAmortizationMethod"":""WITHOUT_INTEREST_CAPITALISATION"",""repaymentScheduleType"":""EPI"",""brokenPeriodApplicable"":false,""autoReAmortizationAllowed"":true,""residualAmountValidationAllowed"":false}",2022-01-27 00:00:00+00:00,2024-12-31 00:00:00+00:00,,2022-01-27 07:01:05.134043+00:00,2022-01-27 07:01:05.134043+00:00,1681731492000,,
31bf664b-66fd-4c33-a3ce-79ca0cfc5493,140793,in.zeta.ruby.policy.StatementPolicy,POLST0000005,1,AB Statement Policy,Statement Policy for Credit Card,ENABLED,,"{""graceDays"":5.0,""templateCode"":""CARD_STATEMENT_TEMPLATE_01A"",""payByHolidayTreatment"":""nextWorkingDay"",""allowedStatementCycles"":[{""dueDate"":16.0,""billingCycle"":""3307085835844696556""}],""dueDaysCalculationMethod"":""FixedDueDate"",""physicalStatementThreshold"":100.0}",2021-04-01 00:00:00+00:00,2023-03-31 00:00:00+00:00,,2022-01-27 09:02:16.723549+00:00,2022-01-27 09:02:16.723549+00:00,1681731492000,,
b891b7fc-053a-48cf-b598-50bae3071338,140793,in.zeta.ruby.policy.StatementPolicy,POLST0000006,1,AB Statement Policy,Statement Policy for Credit Card,ENABLED,,"{""dueDays"":3.0,""graceDays"":5.0,""templateCode"":""CARD_STATEMENT_TEMPLATE_01A"",""payByHolidayTreatment"":""nextWorkingDay"",""allowedStatementCycles"":[{""billingCycle"":""3307085835844696556""}],""dueDaysCalculationMethod"":""DueDays"",""physicalStatementThreshold"":100.0}",2021-04-01 00:00:00+00:00,2023-03-31 00:00:00+00:00,,2022-01-27 09:06:42.534967+00:00,2022-01-27 09:06:42.534967+00:00,1681731492000,,
1defdb7e-dc84-47d8-85d2-d78632fe9cf4,140793,in.zeta.ruby.policy.StatementPolicy,POLST0000006,2,AB Statement Policy,Statement Policy for Credit Card,ENABLED,,"{""dueDays"":21.0,""graceDays"":5.0,""templateCode"":""CARD_STATEMENT_TEMPLATE_01A"",""payByHolidayTreatment"":""nextWorkingDay"",""allowedStatementCycles"":[{""billingCycle"":""CYC00001""}],""dueDaysCalculationMethod"":""DueDays"",""physicalStatementThreshold"":100.0}",2021-04-01 00:00:00+00:00,2023-03-31 00:00:00+00:00,,2022-01-27 09:09:53.065762+00:00,2022-01-27 09:09:53.065762+00:00,1681731492000,,
5b1d1cf9-f4fb-4dba-8f86-ec0e26a10941,172097,in.zeta.policy.charge.EventBasedChargePolicy,CP1TbgW4,1,Joining fee policy,Charge policy for  account joining fee,ENABLED,{},"{""voucherCode"":""TC000q75oT"",""modelParameters"":{""fixedAmount"":{""waiver"":{""amount"":1000,""currency"":""INR""},""baseFee"":{""amount"":10000,""currency"":""INR""},""discount"":{""amount"":8000,""currency"":""INR""}}},""allowedEventNames"":[""ACCOUNT_LEDGER_CREATED"",""ACCOUNT_ANNIVERSARY_CREATED"",""ACCOUNT_MIGuMPJS_CREATED""],""chargeSpecificationURI"":""charge-specification://code/CS1mBXEk/version/1""}",2022-01-27 09:49:14.273000+00:00,2022-01-27 14:49:14.273000+00:00,{},2022-01-27 09:49:15.467446+00:00,2022-01-27 09:49:15.467446+00:00,1681731492000,,
fee2d157-25c6-40fb-ba89-f884448e2515,140793,in.zeta.ruby.policy.InterestPolicy,INTERESTPOLICYSILVERCARD1234,51,Infinia Credit Product,Tiered interest payable computation model for Silver Card Accounts,ENABLED,,"{""interestRules"":[{""rateTable"":""/tenants/172097/rateSpecificationCodes/ECOMINTERESTSILVERCARD?version=1"",""balanceType"":""DAILY_BALANCE"",""description"":""Interest on Retail Unbilled Balance"",""liquidation"":{""model"":""BillUnconditional"",""interestThreshold"":{""amount"":200.0,""currency"":""INR""},""minInterestToBill"":{""amount"":300.0,""currency"":""INR""},""postingCategories"":{""accrualPostingCategory"":""accruedInterestRetailUnbilled"",""billingPostingCategory"":""RetailInterestUnbilled"",""deferredInterestPostingCategory"":""deferredInterestRetailUnbilled""}},""postingCategory"":""RetailUnbilled"",""interestComponent"":""RETAILUNBILLEDINT""}],""payoffVariance"":{""amount"":100.0,""currency"":""INR""},""interestAccrual"":{""cycle"":""7954098136048249021"",""voucherCode"":""INTEREST_ACCURAL_TEST_9999"",""roundingRule"":""NEAR"",""dayCountMethod"":""ACTUAL/ACTUAL""},""debitEffectiveFrom"":""GreaterOfValueDateAndPrevStatementDate"",""creditEffectiveFrom"":""GreaterOfValueDateAndPrevStatementDate"",""interestLiquidation"":{""liquidationVoucherCode"":""INTEREST_LIQUDATION_TEST_58"",""paymentPostingCategory"":""rePayments""}}",2019-01-01 00:00:00+00:00,2030-12-31 00:00:00+00:00,,2022-01-27 10:04:24.808233+00:00,2022-01-27 10:04:24.808233+00:00,1681731492000,,
4d116bea-5033-4c84-adbc-07e5e3340f29,140793,in.zeta.emerald.policy.FeePolicy,INTPOL00212232,1,Insta Loan Fee Policy 2,Tiered Fee computation model for Insta Loams,ENABLED,"{""additionalProp1"":true,""additionalProp2"":true,""additionalProp3"":true}","{""voucherCode"":""SERVICE_FEE"",""modelParameters"":{""tiers"":[{""value"":2.5,""toAmount"":{""amount"":50000,""currency"":""INR""},""valueType"":""PERCENT"",""fromAmount"":{""amount"":50000,""currency"":""INR""}}],""maxAmt"":{""amount"":50000,""currency"":""INR""},""minAmt"":{""amount"":50000,""currency"":""INR""},""computationType"":""FILLER""},""allowedEventNames"":[""string""],""chargeSpecificationURI"":""charge-specification://code/CHSINZZ00003/version/1""}",2022-01-27 00:00:00+00:00,2026-01-27 00:00:00+00:00,,2022-01-27 10:07:50.623703+00:00,2022-01-27 10:07:50.623703+00:00,1681731492000,,
b3c92efa-91e5-4517-b845-05e904bf0c0a,172097,in.zeta.policy.charge.EventBasedChargePolicy,CP1oS7oO,1,Joining fee policy,Charge policy for  account joining fee,ENABLED,{},"{""voucherCode"":""TC000rktM4"",""modelParameters"":{""fixedAmount"":{""waiver"":{""amount"":1000,""currency"":""INR""},""baseFee"":{""amount"":10000,""currency"":""INR""},""discount"":{""amount"":8000,""currency"":""INR""}}},""allowedEventNames"":[""ACCOUNT_LEDGER_CREATED"",""ACCOUNT_ANNIVERSARY_CREATED"",""ACCOUNT_MIG4QyNY_CREATED""],""chargeSpecificationURI"":""charge-specification://code/CS1bwp1n/version/1""}",2022-01-27 14:12:07.424000+00:00,2022-01-27 19:12:07.424000+00:00,{},2022-01-27 14:12:08.814742+00:00,2022-01-27 14:12:08.814742+00:00,1681731492000,,
fc067a16-466a-469d-9858-2db6254674d3,172097,in.zeta.policy.charge.EventBasedChargePolicy,UCP1sCtBL,2,Joining fee policy,Charge policy for  account joining fee,ENABLED,{},"{""voucherCode"":""TC000ChLAA"",""modelParameters"":{""fixedAmount"":{""waiver"":{""amount"":100,""currency"":""INR""},""baseFee"":{""amount"":3000,""currency"":""INR""},""discount"":{""amount"":1000,""currency"":""INR""}}},""allowedEventNames"":[""ACCOUNT_LEDGER_CREATED"",""ACCOUNT_ANNIVERSARY_CREATED"",""ACCOUNT_MIGCROZ2_CREATED"",""ACCOUNT_MIGI5n_CREATED""],""chargeSpecificationURI"":""charge-specification://code/UCS1l2ND7/version/1""}",2022-01-30 07:25:00.216000+00:00,2022-01-30 10:45:00.216000+00:00,{},2022-01-30 07:25:00.479365+00:00,2022-01-30 07:25:00.479365+00:00,1681731492000,,
36fe3e4c-cf5e-4d86-abe2-da24ece7b31e,172097,in.zeta.policy.charge.EventBasedChargePolicy,CCP1Guj2b,1,Joining fee policy,Charge policy for  account joining fee,ENABLED,{},"{""voucherCode"":""TC000vUiUX"",""modelParameters"":{""fixedAmount"":{""waiver"":{""amount"":1000,""currency"":""INR""},""baseFee"":{""amount"":10000,""currency"":""INR""},""discount"":{""amount"":8000,""currency"":""INR""}}},""allowedEventNames"":[""ACCOUNT_LEDGER_CREATED"",""ACCOUNT_ANNIVERSARY_CREATED"",""ACCOUNT_MIGEcJFE_CREATED""],""chargeSpecificationURI"":""charge-specification://code/SCS17cY77/version/1""}",2022-01-31 16:57:38.543000+00:00,2022-01-31 21:57:38.543000+00:00,{},2022-01-31 16:57:38.700364+00:00,2022-01-31 16:57:38.700364+00:00,1681731492000,,
29c429ba-99df-4d61-a696-8783e5747357,140793,in.zeta.ruby.policy.InterestPolicy,INTERESTPOLICYSILVERCARD1234,55,Infinia Credit Product,Tiered interest payable computation model for Silver Card Accounts,ENABLED,,"{""interestRules"":[{""rateTable"":""/tenants/172097/rateSpecificationCodes/ECOMINTERESTSILVERCARD?version=1"",""balanceType"":""DAILY_BALANCE"",""description"":""Interest on Retail Unbilled Balance"",""liquidation"":{""model"":""BillUnconditional"",""interestThreshold"":{""amount"":200.0,""currency"":""INR""},""minInterestToBill"":{""amount"":300.0,""currency"":""INR""},""postingCategories"":{""accrualPostingCategory"":""accruedInterestRetailUnbilled"",""billingPostingCategory"":""RetailInterestUnbilled"",""deferredInterestPostingCategory"":""deferredInterestRetailUnbilled""}},""postingCategory"":""RetailUnbilled"",""interestComponent"":""RETAILUNBILLEDINT""}],""payoffVariance"":{""amount"":100.0,""currency"":""INR""},""interestAccrual"":{""cycle"":""7954098136048249021"",""voucherCode"":""INTEREST_ACCURAL_TEST_9999"",""roundingRule"":""NEAR"",""dayCountMethod"":""ACTUAL/ACTUAL""},""debitEffectiveFrom"":""GreaterOfValueDateAndPrevStatementDate"",""creditEffectiveFrom"":""GreaterOfValueDateAndPrevStatementDate"",""interestLiquidation"":{""liquidationVoucherCode"":""INTEREST_LIQUDATION_TEST_78"",""paymentPostingCategory"":""rePayments""}}",2019-01-01 00:00:00+00:00,2030-12-31 00:00:00+00:00,,2022-02-01 03:43:57.907746+00:00,2022-02-01 03:43:57.907746+00:00,1681731492000,,
d702e29d-a7c1-493a-a291-72d213c677a4,172097,in.zeta.policy.charge.EventBasedChargePolicy,CCP1C2BSZ,1,Joining fee policy,Charge policy for  account joining fee,ENABLED,{},"{""voucherCode"":""TC000UtPqJ"",""modelParameters"":{""fixedAmount"":{""waiver"":{""amount"":1000,""currency"":""INR""},""baseFee"":{""amount"":10000,""currency"":""INR""},""discount"":{""amount"":8000,""currency"":""INR""}}},""allowedEventNames"":[""ACCOUNT_LEDGER_CREATED"",""ACCOUNT_ANNIVERSARY_CREATED"",""ACCOUNT_MIGdPlhv_CREATED""],""chargeSpecificationURI"":""charge-specification://code/SCS1wAMie/version/1""}",2022-02-01 04:15:14.192000+00:00,2022-02-01 09:15:14.192000+00:00,{},2022-02-01 04:15:14.338405+00:00,2022-02-01 04:15:14.338405+00:00,1681731492000,,
8a504dde-a7dd-4ee4-904b-bc21974e910f,140793,in.zeta.ruby.policy.RepaymentPolicy,INFINIA_REPAY_POLICY_952444,20,REPAY_POLICY_INFINIA_952444,Repayment Policy for Infinia CC Product,ENABLED,,"{""repaymentSequence"":[{""delinquencyStatus"":""LEVEL_0"",""settlementPriority"":[""RetailPrincipalUnbilled"",""CashAdvanceFeeUnbilled"",""CashPrincipalUnbilled"",""EMIInterestBilled"",""EMIAmountBilled"",""RetailServiceFeeBilled"",""CashAdvanceFeeBilled"",""LateFeeBilled"",""InsufficientFundFeeBilled"",""OverlimitFeeBilled"",""RetailInterestBilled"",""CashInterestBilled"",""RetailPrincipalBilled"",""CashPrincipalBilled"",""AnnualFeeBilled"",""CollectionFeeBilled"",""EMIInterestUnbilled"",""EMIAmountUnbilled"",""RetailServiceFeeUnbilled"",""LateFeeUnbilled"",""InsufficientFundFeeUnbilled"",""OverlimitFeeUnbilled"",""RetailInterestUnbilled"",""CashInterestUnbilled"",""AnnualFeeUnbilled"",""CollectionFeeUnbilled""]},{""delinquencyStatus"":""LEVEL_1"",""settlementPriority"":[""CashAdvanceFeeUnbilled"",""CashPrincipalUnbilled"",""RetailPrincipalUnbilled"",""EMIInterestBilled"",""EMIAmountBilled"",""RetailServiceFeeBilled"",""CashAdvanceFeeBilled"",""LateFeeBilled"",""InsufficientFundFeeBilled"",""OverlimitFeeBilled"",""RetailInterestBilled"",""CashInterestBilled"",""RetailPrincipalBilled"",""CashPrincipalBilled"",""AnnualFeeBilled"",""CollectionFeeBilled"",""EMIInterestUnbilled"",""EMIAmountUnbilled"",""RetailServiceFeeUnbilled"",""LateFeeUnbilled"",""InsufficientFundFeeUnbilled"",""OverlimitFeeUnbilled"",""RetailInterestUnbilled"",""CashInterestUnbilled"",""AnnualFeeUnbilled"",""CollectionFeeUnbilled""]},{""delinquencyStatus"":""LEVEL_2"",""settlementPriority"":[""RetailPrincipalUnbilled"",""CashAdvanceFeeUnbilled"",""CashPrincipalUnbilled"",""EMIInterestBilled"",""EMIAmountBilled"",""RetailServiceFeeBilled"",""CashAdvanceFeeBilled"",""LateFeeBilled"",""InsufficientFundFeeBilled"",""OverlimitFeeBilled"",""RetailInterestBilled"",""CashInterestBilled"",""RetailPrincipalBilled"",""CashPrincipalBilled"",""AnnualFeeBilled"",""CollectionFeeBilled"",""EMIInterestUnbilled"",""EMIAmountUnbilled"",""RetailServiceFeeUnbilled"",""LateFeeUnbilled"",""InsufficientFundFeeUnbilled"",""OverlimitFeeUnbilled"",""RetailInterestUnbilled"",""CashInterestUnbilled"",""AnnualFeeUnbilled"",""CollectionFeeUnbilled""]},{""delinquencyStatus"":""LEVEL_3"",""settlementPriority"":[""RetailPrincipalUnbilled"",""CashAdvanceFeeUnbilled"",""CashPrincipalUnbilled"",""EMIInterestBilled"",""EMIAmountBilled"",""RetailServiceFeeBilled"",""CashAdvanceFeeBilled"",""LateFeeBilled"",""InsufficientFundFeeBilled"",""OverlimitFeeBilled"",""RetailInterestBilled"",""CashInterestBilled"",""RetailPrincipalBilled"",""CashPrincipalBilled"",""AnnualFeeBilled"",""CollectionFeeBilled"",""EMIInterestUnbilled"",""EMIAmountUnbilled"",""RetailServiceFeeUnbilled"",""LateFeeUnbilled"",""InsufficientFundFeeUnbilled"",""OverlimitFeeUnbilled"",""RetailInterestUnbilled"",""CashInterestUnbilled"",""AnnualFeeUnbilled"",""CollectionFeeUnbilled""]}],""excessPaymentCategory"":""ExcessPayment""}",2010-01-01 00:00:00+00:00,2035-01-01 00:00:00+00:00,,2022-02-01 06:59:16.781519+00:00,2022-02-01 06:59:16.781519+00:00,1681731492000,,
dbb2e5a1-80e1-4612-8a39-de07f62a45e7,172097,in.zeta.policy.charge.EventBasedChargePolicy,UCP1nD3q6,2,Joining fee policy,Charge policy for  account joining fee,ENABLED,{},"{""voucherCode"":""TC000ThjoA"",""modelParameters"":{""fixedAmount"":{""waiver"":{""amount"":100,""currency"":""INR""},""baseFee"":{""amount"":3000,""currency"":""INR""},""discount"":{""amount"":1000,""currency"":""INR""}}},""allowedEventNames"":[""ACCOUNT_LEDGER_CREATED"",""ACCOUNT_ANNIVERSARY_CREATED"",""ACCOUNT_MIGfXbGu_CREATED"",""ACCOUNT_MIGFJg_CREATED""],""chargeSpecificationURI"":""charge-specification://code/UCS1c1Qh3/version/1""}",2022-02-01 07:24:57.982000+00:00,2022-02-01 10:44:57.982000+00:00,{},2022-02-01 07:24:58.244034+00:00,2022-02-01 07:24:58.244034+00:00,1681731492000,,
4bc55c63-6b02-4c59-a1f4-cdaafd065759,172097,in.zeta.policy.charge.EventBasedChargePolicy,CCP1acciK,1,Joining fee policy,Charge policy for  account joining fee,ENABLED,{},"{""voucherCode"":""TC000CbHa4"",""modelParameters"":{""fixedAmount"":{""waiver"":{""amount"":1000,""currency"":""INR""},""baseFee"":{""amount"":10000,""currency"":""INR""},""discount"":{""amount"":8000,""currency"":""INR""}}},""allowedEventNames"":[""ACCOUNT_LEDGER_CREATED"",""ACCOUNT_ANNIVERSARY_CREATED"",""ACCOUNT_MIGjftV5_CREATED""],""chargeSpecificationURI"":""charge-specification://code/SCS1O9O0F/version/1""}",2022-02-01 07:25:05.992000+00:00,2022-02-01 12:25:05.992000+00:00,{},2022-02-01 07:25:06.235951+00:00,2022-02-01 07:25:06.235951+00:00,1681731492000,,
eff4e1d6-4e8c-40a1-a401-2e6ba1e1a7af,172097,in.zeta.policy.charge.EventBasedChargePolicy,UCP1X2r9S,2,Joining fee policy,Charge policy for  account joining fee,ENABLED,{},"{""voucherCode"":""TC000NhOKS"",""modelParameters"":{""fixedAmount"":{""waiver"":{""amount"":100,""currency"":""INR""},""baseFee"":{""amount"":3000,""currency"":""INR""},""discount"":{""amount"":1000,""currency"":""INR""}}},""allowedEventNames"":[""ACCOUNT_LEDGER_CREATED"",""ACCOUNT_ANNIVERSARY_CREATED"",""ACCOUNT_MIGRyen6_CREATED"",""ACCOUNT_MIG6rj_CREATED""],""chargeSpecificationURI"":""charge-specification://code/UCS1Gp85N/version/1""}",2022-02-01 11:05:17.015000+00:00,2022-02-01 14:25:17.015000+00:00,{},2022-02-01 11:05:17.681578+00:00,2022-02-01 11:05:17.681578+00:00,1681731492000,,
4a7f448f-e9bd-4317-b9f5-93a767d16993,172097,in.zeta.policy.charge.EventBasedChargePolicy,UCP1VgTDY,2,Joining fee policy,Charge policy for  account joining fee,ENABLED,{},"{""voucherCode"":""TC000ECDXx"",""modelParameters"":{""fixedAmount"":{""waiver"":{""amount"":100,""currency"":""INR""},""baseFee"":{""amount"":3000,""currency"":""INR""},""discount"":{""amount"":1000,""currency"":""INR""}}},""allowedEventNames"":[""ACCOUNT_LEDGER_CREATED"",""ACCOUNT_ANNIVERSARY_CREATED"",""ACCOUNT_MIGZxn3J_CREATED"",""ACCOUNT_MIGYtL_CREATED""],""chargeSpecificationURI"":""charge-specification://code/UCS10aPfL/version/1""}",2022-02-01 12:57:06.228000+00:00,2022-02-01 16:17:06.228000+00:00,{},2022-02-01 12:57:10.774252+00:00,2022-02-01 12:57:10.774252+00:00,1681731492000,,
06ccf1dc-e5df-4983-be8c-9346676d30ad,140793,in.zeta.policy.charge.EventBasedChargePolicy,JMeter_LATEFEE_14035,4,JMeter_LATEFEE,Late Fee policy for HDFC SILVER CC Product,ENABLED,,"{""chargeType"":""ABC"",""voucherCode"":""ABC"",""modelParameters"":{""taxes"":{""cgst"":9.0,""igst"":18.0,""sgst"":9.0},""tiers"":[{""baseFee"":0.0,""lowerLimit"":0.0,""upperLimit"":99.0},{""baseFee"":100.0,""lowerLimit"":100.0,""upperLimit"":500.0},{""baseFee"":500.0,""lowerLimit"":501.0,""upperLimit"":5000.0},{""baseFee"":600.0,""lowerLimit"":5001.0,""upperLimit"":10000.0},{""baseFee"":800.0,""lowerLimit"":10001.0,""upperLimit"":25000.0},{""baseFee"":1100.0,""lowerLimit"":25001.0,""upperLimit"":50000.0},{""baseFee"":1300.0,""lowerLimit"":50001.0}]},""allowedEventNames"":[""ABC""],""reversalVoucherCode"":""LATE_FEE_REVERSAL"",""chargeSpecificationURI"":""charge-specification://code/NEW_CS_01/version/3""}",2019-01-01 00:00:00+00:00,2030-08-01 00:00:00+00:00,,2022-02-01 20:06:38.470098+00:00,2022-02-01 20:06:38.470098+00:00,1681731492000,,
